partition,configuration,mean,minimum,range,sd
oof,Baseline,65.9112657695729,60.37214288189471,11.615993094401325,5.953597658324974
oof,Focal only,70.3649297605566,65.21112615227837,8.50446464773944,3.9551104155323786
oof,Batching only,67.53941359362639,65.39286965229381,3.4033419089110026,1.481334124270383
oof,Scaling only,70.54247377478316,64.38221929734749,10.390845993244696,4.425514139053849
oof,Focal + batching,60.39107869095421,59.19107562324878,3.413768660692604,1.5911267088338996
oof,Focal + scaling,71.02256815377162,66.0185219295845,7.756884328731715,3.6460444377981136
oof,Batching + scaling,71.91072405578105,70.28040618694644,2.4067322130094198,1.0994162363515834
oof,All three controls,70.92466295669264,69.37505760137002,2.2665810609038886,1.0584055712636282
kddtest,Baseline,21.460976641215694,15.898738364543613,15.621043997003431,7.224916353479832
kddtest,Focal only,26.139402358900536,22.8630324169723,6.10512965868903,3.0701156268341596
kddtest,Batching only,29.739773583746423,27.611673032997054,5.162827115356144,2.4754463283780352
kddtest,Scaling only,24.072287775096036,18.40164851113561,12.849496176807612,6.617551089451959
kddtest,Focal + batching,31.003929509760205,28.470971376938962,3.7595148474963693,1.7110009353219104
kddtest,Focal + scaling,25.56945249754916,19.219920458091554,10.445070089008656,4.950262121348548
kddtest,Batching + scaling,30.55759351208777,28.85023029562047,3.8405305247027073,2.000921716650929
kddtest,All three controls,30.44845762096688,27.377850286958218,4.607112912129256,2.144122306077475
