partition,architecture,configuration,seed,r2l_score_coefficient,u2r_score_coefficient,accuracy,mcc,macro_f1,macro_recall,rare_f1,minimum_minority_recall,r2l_precision,r2l_recall,r2l_f1,u2r_precision,u2r_recall,u2r_f1,confusion_matrix
oof,conv2d,Baseline,0,1.0,1.0,0.995697490732141,0.9924846013642623,0.875144261168791,0.8487758455621632,0.6942402597402597,0.38461538461538464,0.8646766169154229,0.8733668341708543,0.869,0.8,0.38461538461538464,0.5194805194805194,"[[45892, 4, 0, 0, 31], [4, 11541, 0, 0, 111], [0, 1, 869, 2, 123], [0, 0, 6, 20, 26], [33, 68, 130, 3, 67109]]"
oof,conv2d,Scaling only,0,1.15,0.7,0.9957213053590849,0.9925252382865052,0.8812234045132957,0.8542927364260345,0.7094303797468355,0.4230769230769231,0.8755102040816326,0.8623115577889447,0.8688607594936709,0.7857142857142857,0.4230769230769231,0.55,"[[45892, 4, 0, 0, 31], [4, 11541, 0, 0, 111], [0, 1, 858, 2, 134], [0, 0, 5, 22, 25], [33, 68, 117, 4, 67121]]"
oof,conv2d,Baseline,1,1.0,1.0,0.995395838790852,0.9919554619322378,0.8801885186660483,0.8465056417121545,0.7075753569539927,0.4230769230769231,0.9129464285714286,0.8221105527638191,0.8651507139079851,0.7857142857142857,0.4230769230769231,0.55,"[[45872, 7, 0, 0, 48], [3, 11561, 1, 0, 91], [2, 1, 818, 2, 172], [0, 0, 6, 22, 24], [42, 106, 71, 4, 67120]]"
oof,conv2d,Scaling only,1,1.15,0.7,0.9953482095369642,0.9918718208287648,0.8862596744690023,0.8517977685856033,0.7227789780565895,0.46153846153846156,0.9169510807736063,0.8100502512562814,0.8601921024546425,0.8,0.46153846153846156,0.5853658536585366,"[[45872, 7, 0, 0, 48], [3, 11561, 1, 0, 91], [2, 1, 806, 2, 184], [0, 0, 5, 24, 23], [42, 106, 67, 4, 67124]]"
oof,conv2d,Baseline,2,1.0,1.0,0.9948957316250308,0.9910919007826089,0.8767629487340847,0.8545195186030922,0.6992192669048565,0.40384615384615385,0.8245778611632271,0.8834170854271357,0.8529839883551674,0.84,0.40384615384615385,0.5454545454545454,"[[45887, 3, 0, 0, 37], [7, 11557, 0, 0, 92], [0, 0, 879, 2, 114], [0, 0, 6, 21, 25], [74, 100, 181, 2, 66986]]"
oof,conv2d,Scaling only,2,1.15,0.7,0.995094186849563,0.9914350867981422,0.873633825418942,0.8530094841339375,0.69130291005291,0.40384615384615385,0.8530852105778648,0.8753768844221106,0.8640873015873016,0.7241379310344828,0.40384615384615385,0.5185185185185185,"[[45887, 3, 0, 0, 37], [7, 11557, 0, 0, 92], [0, 0, 871, 2, 122], [0, 0, 6, 21, 25], [74, 100, 144, 6, 67019]]"
oof,conv2d,Focal only,0,1.0,1.0,0.9953005802830766,0.9917906425007296,0.8760593017488756,0.8607437685606187,0.6969560778569368,0.4807692307692308,0.8641078838174274,0.8371859296482412,0.8504338948443083,0.625,0.4807692307692308,0.5434782608695652,"[[45893, 6, 0, 0, 28], [4, 11543, 1, 0, 108], [1, 1, 833, 2, 158], [0, 0, 7, 25, 20], [42, 78, 123, 13, 67087]]"
oof,conv2d,Focal + scaling,0,1.0,1.9,0.9953561477459456,0.9918871938443959,0.8809543547760782,0.8530781897042703,0.7091675647061048,0.4423076923076923,0.8641078838174274,0.8371859296482412,0.8504338948443083,0.7931034482758621,0.4423076923076923,0.5679012345679012,"[[45893, 6, 0, 0, 28], [4, 11543, 1, 0, 108], [1, 1, 833, 2, 158], [0, 0, 7, 23, 22], [42, 78, 123, 4, 67096]]"
oof,conv2d,Focal only,1,1.0,1.0,0.995094186849563,0.9914327748460766,0.8797619691996659,0.8720999157126649,0.7066145607179042,0.5192307692307693,0.8692543411644535,0.8552763819095477,0.8622087132725431,0.5869565217391305,0.5192307692307693,0.5510204081632653,"[[45871, 10, 0, 0, 46], [4, 11558, 1, 0, 93], [0, 0, 851, 2, 142], [0, 0, 6, 27, 19], [63, 94, 121, 17, 67048]]"
oof,conv2d,Focal + scaling,1,1.0,1.9,0.9951735689393759,0.9915703587938169,0.8845728524399389,0.8567568785173194,0.7186043566362715,0.4423076923076923,0.8692543411644535,0.8552763819095477,0.8622087132725431,0.8214285714285714,0.4423076923076923,0.575,"[[45871, 10, 0, 0, 46], [4, 11558, 1, 0, 93], [0, 0, 851, 2, 142], [0, 0, 6, 23, 23], [63, 94, 121, 3, 67062]]"
oof,conv2d,Focal only,2,1.0,1.0,0.9948719169980869,0.991047242723923,0.8676639706975277,0.8762446932326885,0.676273849607183,0.5384615384615384,0.829126213592233,0.8582914572864322,0.8434567901234568,0.4827586206896552,0.5384615384615384,0.509090909090909,"[[45894, 4, 0, 0, 29], [6, 11541, 0, 0, 109], [0, 0, 854, 2, 139], [0, 0, 4, 28, 20], [53, 80, 172, 28, 67010]]"
oof,conv2d,Focal + scaling,2,1.0,1.9,0.9949592372968811,0.9911985257124397,0.87338912532075,0.864747809883497,0.6905455993628036,0.4807692307692308,0.829126213592233,0.8582914572864322,0.8434567901234568,0.6097560975609756,0.4807692307692308,0.5376344086021505,"[[45894, 4, 0, 0, 29], [6, 11541, 0, 0, 109], [0, 0, 854, 2, 139], [0, 0, 4, 25, 23], [53, 80, 172, 14, 67024]]"
oof,conv2d,Batching only,0,1.0,1.0,0.9954672826716836,0.9920848740828258,0.8721458157928502,0.9063590768420857,0.6871328671328671,0.6923076923076923,0.8890052356020942,0.8532663316582915,0.8707692307692307,0.3956043956043956,0.6923076923076923,0.5034965034965035,"[[45890, 8, 0, 0, 29], [2, 11551, 1, 3, 99], [0, 1, 849, 9, 136], [0, 0, 4, 36, 12], [34, 89, 101, 43, 67076]]"
oof,conv2d,Batching + scaling,0,1.0,10.0,0.9956736761051972,0.9924428006501429,0.8885206087612005,0.868796594342238,0.7280060629374243,0.5,0.8866943866943867,0.857286432160804,0.8717424629535002,0.7027027027027027,0.5,0.5842696629213483,"[[45890, 8, 0, 0, 29], [2, 11551, 1, 0, 102], [0, 1, 853, 2, 139], [0, 0, 5, 26, 21], [34, 89, 103, 9, 67108]]"
oof,conv2d,Batching only,1,1.0,1.0,0.9952132599842823,0.9916408072777563,0.8677264511009412,0.8988121284568036,0.6765193110382893,0.6538461538461539,0.8939075630252101,0.8552763819095477,0.8741653826399589,0.37777777777777777,0.6538461538461539,0.4788732394366197,"[[45886, 9, 0, 0, 32], [6, 11540, 0, 0, 110], [1, 1, 851, 7, 135], [0, 0, 7, 34, 11], [57, 84, 94, 49, 67059]]"
oof,conv2d,Batching + scaling,1,1.0,10.0,0.9954434680447397,0.9920399797154688,0.8866613094081149,0.8643095989265801,0.7237665782493369,0.4807692307692308,0.8910994764397906,0.8552763819095477,0.8728205128205129,0.7142857142857143,0.4807692307692308,0.5747126436781609,"[[45886, 9, 0, 0, 32], [6, 11540, 0, 0, 110], [1, 1, 851, 2, 140], [0, 0, 7, 25, 20], [57, 84, 97, 8, 67097]]"
oof,conv2d,Batching only,2,1.0,1.0,0.9953720241639081,0.9919239912374045,0.8675726286305547,0.8981500617034746,0.6757484508742884,0.5961538461538461,0.848968105065666,0.9095477386934674,0.8782144590004852,0.3924050632911392,0.5961538461538461,0.4732824427480916,"[[45866, 12, 0, 0, 49], [2, 11550, 1, 1, 102], [0, 0, 905, 5, 85], [0, 0, 7, 31, 14], [30, 80, 153, 42, 67038]]"
oof,conv2d,Batching + scaling,2,1.0,10.0,0.9955784175974217,0.9922814385559493,0.8844081877598647,0.8713249905122481,0.7177512991917393,0.46153846153846156,0.8473782771535581,0.9095477386934674,0.8773630634997577,0.7058823529411765,0.46153846153846156,0.5581395348837209,"[[45866, 12, 0, 0, 49], [2, 11550, 1, 0, 103], [0, 0, 905, 2, 88], [0, 0, 8, 24, 20], [30, 80, 154, 8, 67071]]"
oof,conv2d,Focal + batching,0,1.0,1.0,0.9946813999825359,0.9907261614408354,0.8372476159610329,0.9228346356679282,0.6001205262981687,0.75,0.8647581441263573,0.8804020100502512,0.8725099601593626,0.20967741935483872,0.75,0.3277310924369748,"[[45905, 6, 0, 0, 16], [7, 11542, 1, 3, 103], [2, 0, 876, 23, 94], [0, 0, 5, 39, 8], [80, 70, 131, 121, 66941]]"
oof,conv2d,All three controls,0,1.15,8.0,0.9953799623728894,0.9919326895212852,0.8693368614944472,0.861010935214938,0.6800923223855255,0.4423076923076923,0.8643564356435643,0.8773869346733668,0.8708229426433916,0.5476190476190477,0.4423076923076923,0.48936170212765956,"[[45905, 6, 0, 0, 16], [7, 11542, 1, 0, 106], [2, 0, 873, 2, 118], [0, 0, 8, 23, 21], [80, 70, 128, 17, 67048]]"
oof,conv2d,Focal + batching,1,1.0,1.0,0.9943400569963405,0.9901312633496867,0.8355349927804971,0.9255377815733844,0.5962245143502715,0.7692307692307693,0.8514173998044966,0.8753768844221106,0.8632309217046581,0.2094240837696335,0.7692307692307693,0.3292181069958848,"[[45889, 2, 0, 0, 36], [4, 11542, 0, 4, 106], [0, 1, 871, 18, 105], [0, 0, 3, 40, 9], [65, 82, 149, 129, 66918]]"
oof,conv2d,All three controls,1,1.15,8.0,0.9951021250585443,0.9914482833863327,0.8695573066980635,0.8793086111421216,0.6809880094230583,0.5384615384615384,0.8595450049455984,0.8733668341708543,0.8664007976071785,0.45901639344262296,0.5384615384615384,0.49557522123893805,"[[45889, 2, 0, 0, 36], [4, 11542, 0, 0, 110], [0, 1, 869, 2, 123], [0, 0, 5, 28, 19], [65, 82, 137, 31, 67028]]"
oof,conv2d,Focal + batching,2,1.0,1.0,0.9949195462519747,0.9911348838867416,0.8444523765812916,0.9235868632096906,0.6184344698866482,0.75,0.8792415169660679,0.8854271356783919,0.8823234852278418,0.23214285714285715,0.75,0.35454545454545455,"[[45884, 8, 0, 0, 35], [2, 11521, 0, 1, 132], [0, 0, 881, 17, 97], [0, 0, 6, 39, 7], [38, 71, 115, 111, 67008]]"
oof,conv2d,All three controls,2,1.15,8.0,0.9955942940153842,0.992304342092589,0.8852463464549227,0.8734818402256526,0.7201713962325167,0.5,0.879,0.8834170854271357,0.881203007518797,0.6341463414634146,0.5,0.5591397849462365,"[[45884, 8, 0, 0, 35], [2, 11521, 0, 0, 133], [0, 0, 879, 2, 114], [0, 0, 9, 26, 17], [38, 72, 112, 13, 67108]]"
oof,conv1d,Baseline,0,1.0,1.0,0.9951259396854881,0.9914905128363553,0.8347503665031388,0.8185538026796477,0.5943831615900252,0.19230769230769232,0.828649138712602,0.9185929648241206,0.871306005719733,0.9090909090909091,0.19230769230769232,0.31746031746031744,"[[45888, 1, 0, 0, 38], [3, 11507, 0, 0, 146], [0, 0, 914, 1, 80], [0, 0, 7, 10, 35], [49, 72, 182, 0, 67040]]"
oof,conv1d,Scaling only,0,0.85,0.4,0.995149754312432,0.9915361248674028,0.8869588003206058,0.8753378152654705,0.7248977146861366,0.46153846153846156,0.8170624450307827,0.9336683417085427,0.8714821763602252,0.7741935483870968,0.46153846153846156,0.5783132530120482,"[[45888, 1, 0, 0, 38], [3, 11507, 0, 0, 146], [0, 0, 929, 2, 64], [0, 0, 5, 24, 23], [49, 72, 203, 5, 67014]]"
oof,conv1d,Baseline,1,1.0,1.0,0.9954514062537211,0.9920516238821777,0.83088216677657,0.804213923042614,0.5843849879732446,0.17307692307692307,0.893042575285566,0.864321608040201,0.8784473953013279,0.9,0.17307692307692307,0.2903225806451613,"[[45881, 1, 1, 0, 44], [3, 11513, 0, 0, 140], [0, 0, 860, 1, 134], [0, 0, 3, 9, 40], [36, 71, 99, 0, 67137]]"
oof,conv1d,Scaling only,1,0.85,0.4,0.9955546029704778,0.992234240083961,0.8891016349182591,0.8660576443711279,0.7298769866861141,0.46153846153846156,0.8774900398406374,0.8854271356783919,0.8814407203601801,0.7741935483870968,0.46153846153846156,0.5783132530120482,"[[45880, 1, 1, 1, 44], [3, 11513, 0, 0, 140], [0, 0, 881, 4, 110], [0, 0, 3, 24, 25], [36, 71, 119, 2, 67115]]"
oof,conv1d,Baseline,2,1.0,1.0,0.9951100632675256,0.9914551086170262,0.8604641293028216,0.8301630324488052,0.6587404934406472,0.3269230769230769,0.8755230125523012,0.8412060301507538,0.8580215274218349,0.7727272727272727,0.3269230769230769,0.4594594594594595,"[[45891, 0, 0, 0, 36], [11, 11504, 0, 0, 141], [2, 0, 837, 2, 154], [0, 0, 5, 17, 30], [44, 74, 114, 3, 67108]]"
oof,conv1d,Scaling only,2,0.85,0.4,0.9952132599842823,0.9916382306017959,0.8818569543735407,0.8699392105628891,0.7121513461072035,0.5,0.863,0.8673366834170855,0.8651629072681705,0.6341463414634146,0.5,0.5591397849462365,"[[45891, 0, 0, 0, 36], [11, 11504, 0, 0, 141], [2, 0, 863, 7, 123], [0, 0, 5, 26, 21], [43, 74, 132, 8, 67086]]"
oof,conv1d,Focal only,0,1.0,1.0,0.9956101704333469,0.9923347739544822,0.8869829428227012,0.877499358276344,0.7242508710801394,0.5,0.852132701421801,0.9035175879396985,0.8770731707317073,0.6666666666666666,0.5,0.5714285714285714,"[[45890, 1, 0, 0, 36], [4, 11524, 0, 0, 128], [0, 0, 899, 2, 94], [0, 0, 6, 26, 20], [29, 72, 150, 11, 67081]]"
oof,conv1d,Focal + scaling,0,0.7,1.0,0.9953164567010391,0.9918289744810413,0.8868436851766358,0.8827364222323594,0.724037816535301,0.5,0.8059181897302001,0.9306532663316583,0.8638059701492538,0.7027027027027027,0.5,0.5842696629213483,"[[45890, 1, 0, 0, 36], [4, 11524, 0, 0, 128], [0, 0, 926, 2, 67], [0, 0, 7, 26, 19], [29, 72, 216, 9, 67017]]"
oof,conv1d,Focal only,1,1.0,1.0,0.9952053217753011,0.9916210202463115,0.8987910570143282,0.8715285883367498,0.7547912634119531,0.5384615384615384,0.8966630785791173,0.8371859296482412,0.8659043659043659,0.8,0.5384615384615384,0.6436781609195402,"[[45883, 1, 0, 0, 43], [4, 11494, 0, 0, 158], [0, 0, 833, 2, 160], [0, 0, 2, 28, 22], [37, 76, 94, 5, 67131]]"
oof,conv1d,Focal + scaling,1,0.7,1.0,0.9952688274471514,0.9917358616652137,0.9005887636495767,0.8816521401796852,0.7592463046062323,0.5384615384615384,0.8615984405458089,0.8884422110552764,0.8748144482929243,0.8,0.5384615384615384,0.6436781609195402,"[[45883, 1, 0, 0, 43], [4, 11494, 1, 0, 157], [0, 0, 884, 2, 109], [0, 0, 4, 28, 20], [37, 76, 137, 5, 67088]]"
oof,conv1d,Focal only,2,1.0,1.0,0.9956339850602907,0.9923709462220227,0.8901374342757757,0.8673361467730227,0.7324255895084415,0.5,0.9108485499462943,0.8522613065326633,0.8805815160955348,0.7027027027027027,0.5,0.5842696629213483,"[[45889, 0, 0, 0, 38], [5, 11519, 0, 0, 132], [0, 0, 848, 2, 145], [0, 0, 3, 26, 23], [33, 80, 80, 9, 67141]]"
oof,conv1d,Focal + scaling,2,0.7,1.0,0.9954831590896462,0.9921103745018046,0.8891297659346981,0.8730227387098836,0.7299780666079532,0.5,0.8700396825396826,0.8814070351758794,0.8756864702945582,0.7027027027027027,0.5,0.5842696629213483,"[[45889, 0, 0, 0, 38], [5, 11519, 0, 0, 132], [0, 0, 877, 2, 116], [0, 0, 3, 26, 23], [33, 80, 128, 9, 67093]]"
oof,conv1d,Batching only,0,1.0,1.0,0.9948560405801243,0.9910276437285661,0.8577832570810134,0.9140199047338304,0.6520136909166487,0.6730769230769231,0.8379373848987108,0.914572864321608,0.8745795290725613,0.3153153153153153,0.6730769230769231,0.4294478527607362,"[[45885, 1, 0, 0, 41], [5, 11527, 0, 0, 124], [0, 0, 910, 10, 75], [0, 0, 4, 35, 13], [48, 89, 172, 66, 66968]]"
oof,conv1d,Batching + scaling,0,1.0,1.75,0.9951100632675256,0.9914673217483704,0.8761613459217822,0.8989402398475154,0.6978541776768317,0.5961538461538461,0.8373161764705882,0.9155778894472362,0.8746999519923188,0.4626865671641791,0.5961538461538461,0.5210084033613446,"[[45885, 1, 0, 0, 41], [5, 11527, 0, 0, 124], [0, 0, 911, 6, 78], [0, 0, 4, 31, 17], [48, 89, 173, 30, 67003]]"
oof,conv1d,Batching only,1,1.0,1.0,0.9949909901328062,0.9912568363136716,0.8648441039313395,0.9167924715307503,0.6695580505707088,0.7115384615384616,0.8519230769230769,0.8904522613065327,0.8707616707616708,0.3490566037735849,0.7115384615384616,0.46835443037974683,"[[45886, 1, 0, 0, 40], [6, 11512, 0, 0, 138], [0, 0, 886, 14, 95], [0, 0, 2, 37, 13], [41, 74, 152, 55, 67021]]"
oof,conv1d,Batching + scaling,1,1.0,1.75,0.9951815071483572,0.9915871841472728,0.883548454516449,0.9026792234514556,0.716273841227175,0.6346153846153846,0.851145038167939,0.8964824120603015,0.873225648556045,0.5,0.6346153846153846,0.559322033898305,"[[45886, 1, 0, 0, 40], [6, 11512, 0, 0, 138], [0, 0, 892, 2, 101], [0, 0, 2, 33, 17], [41, 74, 154, 31, 67043]]"
oof,conv1d,Batching only,2,1.0,1.0,0.995395838790852,0.9919665548360551,0.894014973442229,0.9253926578035918,0.7423146053487868,0.7115384615384616,0.8287243532560215,0.9336683417085427,0.8780718336483931,0.5285714285714286,0.7115384615384616,0.6065573770491803,"[[45889, 4, 0, 0, 34], [3, 11507, 0, 0, 146], [1, 0, 929, 5, 60], [0, 0, 5, 37, 10], [26, 71, 187, 28, 67031]]"
oof,conv1d,Batching + scaling,2,1.0,1.75,0.9954593444627023,0.992076217529325,0.8997400998006763,0.9102417160213856,0.7566085898041495,0.6346153846153846,0.8288770053475936,0.9346733668341709,0.8786017949929145,0.6346153846153846,0.6346153846153846,0.6346153846153846,"[[45889, 4, 0, 0, 34], [3, 11507, 0, 0, 146], [1, 0, 930, 2, 62], [0, 0, 5, 33, 14], [26, 71, 187, 17, 67042]]"
oof,conv1d,Focal + batching,0,1.0,1.0,0.994625832519667,0.9906261284671075,0.8344190000137297,0.9267419700600532,0.5933289625287561,0.7692307692307693,0.8684470820969338,0.8824120603015075,0.8753738783649053,0.1951219512195122,0.7692307692307693,0.311284046692607,"[[45875, 3, 0, 1, 48], [5, 11523, 0, 1, 127], [1, 0, 878, 33, 83], [0, 0, 3, 40, 9], [32, 71, 130, 130, 66980]]"
oof,conv1d,All three controls,0,1.3,8.0,0.9954355298357584,0.9920262248616168,0.883984592644571,0.877970350519031,0.7169620253164557,0.5384615384615384,0.8806122448979592,0.8673366834170855,0.8739240506329113,0.5833333333333334,0.5384615384615384,0.56,"[[45875, 3, 0, 0, 49], [5, 11524, 0, 0, 127], [1, 0, 863, 2, 129], [0, 0, 3, 28, 21], [32, 71, 114, 18, 67108]]"
oof,conv1d,Focal + batching,1,1.0,1.0,0.9945940796837418,0.9905675095513221,0.8467927781760787,0.9300550456401417,0.6245758319223194,0.7884615384615384,0.85546875,0.8804020100502512,0.8677563150074294,0.25153374233128833,0.7884615384615384,0.3813953488372093,"[[45879, 1, 0, 0, 47], [6, 11514, 0, 4, 132], [0, 0, 876, 13, 106], [0, 0, 4, 41, 7], [38, 74, 144, 105, 66982]]"
oof,conv1d,All three controls,1,1.3,8.0,0.9949989283417875,0.9912647386893446,0.8655367082292376,0.87263926545222,0.6712923121055652,0.5192307692307693,0.8595787362086259,0.8613065326633166,0.8604417670682731,0.45,0.5192307692307693,0.48214285714285715,"[[45879, 1, 0, 0, 47], [6, 11514, 0, 0, 136], [0, 0, 857, 2, 136], [0, 0, 6, 27, 19], [38, 74, 134, 31, 67066]]"
oof,conv1d,Focal + batching,2,1.0,1.0,0.9951100632675256,0.9914739653877116,0.8613634666123685,0.9406971560593705,0.6602405340671661,0.7884615384615384,0.8322869955156951,0.9326633165829146,0.8796208530805687,0.30597014925373134,0.7884615384615384,0.44086021505376344,"[[45896, 1, 0, 0, 30], [5, 11523, 0, 1, 127], [0, 0, 928, 10, 57], [0, 0, 4, 41, 7], [50, 59, 183, 82, 66969]]"
oof,conv1d,All three controls,2,1.3,8.0,0.9958245020758416,0.9927093366872518,0.8955127291280549,0.8922717797050366,0.7453105355795826,0.5576923076923077,0.8672985781990521,0.9195979899497487,0.8926829268292683,0.6444444444444445,0.5576923076923077,0.5979381443298969,"[[45896, 1, 0, 0, 30], [5, 11523, 0, 0, 128], [0, 0, 915, 2, 78], [0, 0, 4, 29, 19], [50, 59, 136, 14, 67084]]"
oof,transformer,Baseline,0,1.0,1.0,0.9937843823676502,0.9891341890448321,0.8455283896841449,0.8116217433967019,0.6239046093610963,0.3076923076923077,0.8758542141230068,0.7728643216080402,0.8211425520555259,0.6956521739130435,0.3076923076923077,0.4266666666666667,"[[45872, 14, 0, 0, 41], [3, 11454, 1, 0, 198], [1, 3, 769, 2, 220], [1, 0, 5, 16, 30], [69, 87, 103, 5, 67079]]"
oof,transformer,Scaling only,0,0.85,0.25,0.9936811856508935,0.9889552762426681,0.8556093087388026,0.8287381873702324,0.649148535379714,0.38461538461538464,0.854006586169045,0.7819095477386935,0.8163693599160545,0.6451612903225806,0.38461538461538464,0.4819277108433735,"[[45872, 14, 0, 0, 41], [3, 11454, 1, 0, 198], [1, 3, 778, 4, 209], [1, 0, 5, 20, 26], [69, 87, 127, 7, 67053]]"
oof,transformer,Baseline,1,1.0,1.0,0.9917680772864026,0.9856056663058004,0.8564052758605957,0.8282834787905244,0.6576718634756733,0.36538461538461536,0.8851570964247021,0.821105527638191,0.8519290928050052,0.6333333333333333,0.36538461538461536,0.4634146341463415,"[[45861, 4, 0, 5, 57], [21, 11200, 1, 0, 434], [5, 2, 817, 1, 170], [2, 0, 7, 19, 24], [120, 81, 98, 5, 67039]]"
oof,transformer,Scaling only,1,0.85,0.25,0.9917442626594588,0.9855650719895861,0.8577557064586318,0.8413828628759095,0.6610611867318621,0.4230769230769231,0.880469583778015,0.8291457286432161,0.8540372670807453,0.5238095238095238,0.4230769230769231,0.46808510638297873,"[[45857, 4, 0, 9, 57], [21, 11200, 1, 0, 434], [4, 2, 825, 3, 161], [2, 0, 6, 22, 22], [120, 81, 105, 8, 67029]]"
oof,transformer,Baseline,2,1.0,1.0,0.9930778817683155,0.9879049045338308,0.8071174481352689,0.7720918685345752,0.5295878136200717,0.15384615384615385,0.8956521739130435,0.7246231155778895,0.8011111111111111,0.8,0.15384615384615385,0.25806451612903225,"[[45887, 3, 0, 0, 37], [11, 11522, 0, 0, 123], [1, 2, 721, 1, 270], [1, 1, 7, 8, 35], [67, 235, 77, 1, 66963]]"
oof,transformer,Scaling only,2,0.85,0.25,0.9931175728132219,0.9879766311451491,0.8437921245713362,0.8056246818543086,0.6212568568088486,0.3076923076923077,0.8823529411764706,0.7386934673366834,0.8041575492341356,0.7619047619047619,0.3076923076923077,0.4383561643835616,"[[45887, 3, 0, 0, 37], [11, 11522, 0, 0, 123], [1, 2, 735, 2, 255], [1, 1, 6, 16, 28], [67, 235, 92, 3, 66946]]"
oof,transformer,Focal only,0,1.0,1.0,0.9930858199772967,0.9879116631200765,0.8638543712568696,0.8304909398217308,0.671136180499597,0.4423076923076923,0.880722891566265,0.7346733668341708,0.8010958904109589,0.696969696969697,0.4423076923076923,0.5411764705882353,"[[45858, 9, 0, 0, 60], [6, 11438, 2, 0, 210], [0, 1, 731, 3, 260], [0, 0, 4, 23, 25], [66, 125, 93, 7, 67052]]"
oof,transformer,Focal + scaling,0,0.55,1.9,0.9928317972898955,0.9874751834285339,0.849260522985513,0.8240522691232112,0.6347737904412968,0.34615384615384615,0.804040404040404,0.8,0.802015113350126,0.72,0.34615384615384615,0.4675324675324675,"[[45858, 9, 0, 0, 60], [6, 11438, 2, 0, 210], [0, 1, 796, 2, 196], [0, 0, 5, 18, 29], [66, 125, 187, 5, 66960]]"
oof,transformer,Focal only,1,1.0,1.0,0.9923078754971303,0.9865490858878154,0.8404032168728228,0.8182485255890584,0.6143621084797556,0.40384615384615385,0.9088607594936708,0.721608040201005,0.8044817927170869,0.44680851063829785,0.40384615384615385,0.42424242424242425,"[[45836, 4, 0, 0, 87], [1, 11321, 0, 0, 334], [0, 0, 718, 12, 265], [2, 0, 6, 21, 23], [84, 71, 66, 14, 67108]]"
oof,transformer,Focal + scaling,1,0.55,1.9,0.9925857128114755,0.9870386028771296,0.8571830284595443,0.8341147673786274,0.656211921820929,0.38461538461538464,0.8519290928050052,0.821105527638191,0.8362333674513818,0.625,0.38461538461538464,0.47619047619047616,"[[45836, 4, 1, 0, 86], [1, 11321, 0, 0, 334], [0, 0, 817, 3, 175], [2, 0, 7, 20, 23], [84, 71, 134, 9, 67045]]"
oof,transformer,Focal only,2,1.0,1.0,0.993093758186278,0.9879278361657057,0.8636021325161408,0.841453020275128,0.6708354955889985,0.4807692307692308,0.8788235294117647,0.7507537688442211,0.8097560975609757,0.5952380952380952,0.4807692307692308,0.5319148936170213,"[[45882, 4, 0, 0, 41], [11, 11443, 0, 0, 202], [1, 1, 747, 7, 239], [0, 0, 3, 25, 24], [73, 154, 100, 10, 67006]]"
oof,transformer,Focal + scaling,2,0.55,1.9,0.9928238590809142,0.9874677318644051,0.8710379259474704,0.8513713215095684,0.6895699456253089,0.46153846153846156,0.7947470817120622,0.821105527638191,0.8077113198220465,0.75,0.46153846153846156,0.5714285714285714,"[[45882, 4, 0, 0, 41], [11, 11443, 0, 0, 202], [1, 1, 817, 3, 173], [0, 0, 3, 24, 25], [73, 154, 208, 5, 66903]]"
oof,transformer,Batching only,0,1.0,1.0,0.9933715955006232,0.9884231718399091,0.8639202278250396,0.886274612080085,0.6701750630322059,0.6730769230769231,0.8449781659388647,0.7778894472361809,0.8100470957613815,0.4375,0.6730769230769231,0.5303030303030303,"[[45853, 10, 1, 2, 61], [6, 11512, 0, 0, 138], [0, 5, 774, 4, 212], [0, 0, 5, 35, 12], [51, 153, 136, 39, 66964]]"
oof,transformer,Batching + scaling,0,1.3,6.0,0.9935382978892302,0.988709479595369,0.8720543192997157,0.8449373820245258,0.6904365130233608,0.4807692307692308,0.8547297297297297,0.7628140703517587,0.8061603823685608,0.7142857142857143,0.4807692307692308,0.5747126436781609,"[[45855, 10, 1, 0, 61], [6, 11512, 0, 0, 138], [0, 5, 759, 2, 229], [0, 0, 6, 25, 21], [52, 153, 122, 8, 67008]]"
oof,transformer,Batching only,1,1.0,1.0,0.9936653092329308,0.9889502804194357,0.8609038912075384,0.8995774897323555,0.6619711901895456,0.6346153846153846,0.7965641952983725,0.8854271356783919,0.8386482627320324,0.39285714285714285,0.6346153846153846,0.4852941176470588,"[[45885, 9, 1, 0, 32], [7, 11487, 1, 1, 160], [1, 2, 881, 4, 107], [0, 0, 5, 33, 14], [85, 105, 218, 46, 66889]]"
oof,transformer,Batching + scaling,1,1.3,6.0,0.9938717026664444,0.9893026578587399,0.8786233581090303,0.869187785760786,0.7062003008811519,0.5,0.804287045666356,0.8673366834170855,0.8346228239845261,0.6842105263157895,0.5,0.5777777777777777,"[[45885, 9, 1, 0, 32], [7, 11487, 1, 0, 161], [1, 2, 863, 2, 127], [0, 0, 6, 26, 20], [85, 106, 202, 10, 66940]]"
oof,transformer,Batching only,2,1.0,1.0,0.9934112865455296,0.9885013854011937,0.8475122514852673,0.8970304015007748,0.629639836347063,0.6346153846153846,0.8248106060606061,0.8753768844221106,0.8493417844953681,0.30275229357798167,0.6346153846153846,0.40993788819875776,"[[45862, 12, 0, 0, 53], [3, 11456, 0, 1, 196], [2, 1, 871, 19, 102], [0, 0, 6, 33, 13], [65, 122, 179, 56, 66921]]"
oof,transformer,Batching + scaling,2,1.3,6.0,0.9937367531137625,0.9890590483492196,0.8804046537035862,0.8721932268410223,0.7117753717038802,0.5384615384615384,0.8462311557788945,0.8462311557788945,0.8462311557788945,0.6222222222222222,0.5384615384615384,0.5773195876288659,"[[45862, 12, 0, 0, 53], [3, 11456, 0, 0, 197], [2, 1, 842, 4, 146], [0, 0, 6, 28, 18], [65, 122, 147, 13, 66996]]"
oof,transformer,Focal + batching,0,1.0,1.0,0.9929984996785025,0.9877925478364863,0.8323481449264462,0.9019776453829562,0.5917516218721037,0.6923076923076923,0.8365095285857572,0.8381909547738694,0.8373493975903614,0.23076923076923078,0.6923076923076923,0.34615384615384615,"[[45866, 23, 2, 0, 36], [8, 11519, 1, 4, 124], [2, 1, 834, 21, 137], [0, 0, 7, 36, 9], [95, 164, 153, 95, 66836]]"
oof,transformer,All three controls,0,1.0,10.0,0.9935382978892302,0.9887237128459928,0.8800575960622222,0.8689913755640937,0.7108479879167117,0.5192307692307693,0.8245098039215686,0.8452261306532663,0.8347394540942928,0.675,0.5192307692307693,0.5869565217391305,"[[45866, 23, 2, 0, 36], [8, 11520, 1, 0, 127], [2, 1, 841, 2, 149], [0, 0, 9, 27, 16], [95, 165, 167, 11, 66905]]"
oof,transformer,Focal + batching,1,1.0,1.0,0.9931175728132219,0.9879956392403121,0.8424297889901172,0.9104250688962988,0.6171750089108407,0.75,0.8881650380021715,0.8221105527638191,0.8538622129436325,0.2549019607843137,0.75,0.3804878048780488,"[[45886, 9, 0, 0, 32], [20, 11520, 0, 2, 114], [0, 2, 818, 17, 158], [0, 0, 5, 39, 8], [123, 184, 98, 95, 66843]]"
oof,transformer,All three controls,1,1.0,10.0,0.9936891238598747,0.9889819330642506,0.8874269170838662,0.8728011652924457,0.729464905431199,0.5576923076923077,0.8866090712742981,0.8251256281407036,0.8547631441957314,0.6590909090909091,0.5576923076923077,0.6041666666666666,"[[45886, 9, 0, 0, 32], [20, 11520, 0, 0, 116], [0, 2, 821, 1, 171], [0, 0, 5, 29, 18], [123, 184, 100, 14, 66922]]"
oof,transformer,Focal + batching,2,1.0,1.0,0.9922919990791678,0.9865588423580828,0.8220134919910954,0.9151881499021955,0.566805637914519,0.75,0.8486973947895792,0.8512562814070351,0.8499749121926744,0.17488789237668162,0.75,0.28363636363636363,"[[45801, 21, 1, 0, 104], [12, 11481, 0, 2, 161], [0, 2, 847, 33, 113], [0, 0, 6, 39, 7], [74, 142, 144, 149, 66834]]"
oof,transformer,All three controls,2,1.0,10.0,0.9933636572916419,0.9884112943435235,0.8780810603539315,0.8613079204350871,0.706580900544285,0.46153846153846156,0.8421052631578947,0.8683417085427135,0.8550222662048491,0.7058823529411765,0.46153846153846156,0.5581395348837209,"[[45801, 21, 1, 0, 104], [12, 11481, 0, 0, 163], [0, 2, 864, 2, 127], [0, 0, 9, 24, 19], [74, 142, 152, 8, 66967]]"
oof,mlp,Baseline,0,1.0,1.0,0.99575305819501,0.9925833419763044,0.8839248260528546,0.8630033403293993,0.7160786001147448,0.4423076923076923,0.8836509528585758,0.8854271356783919,0.8845381526104418,0.71875,0.4423076923076923,0.5476190476190477,"[[45894, 1, 0, 0, 32], [3, 11562, 0, 0, 91], [0, 1, 881, 2, 111], [1, 1, 5, 23, 22], [69, 78, 111, 7, 67078]]"
oof,mlp,Scaling only,0,1.3,0.25,0.9957609964039913,0.9925968379502654,0.8861170646236284,0.876992800020784,0.7215553836180757,0.5192307692307693,0.8945752302968271,0.878391959798995,0.8864097363083164,0.6,0.5192307692307693,0.5567010309278351,"[[45894, 1, 0, 0, 32], [3, 11562, 0, 0, 91], [0, 1, 874, 2, 118], [1, 1, 5, 27, 18], [69, 78, 98, 16, 67082]]"
oof,mlp,Baseline,1,1.0,1.0,0.9962134743159249,0.9933852255013557,0.8827329161694302,0.864051214351836,0.7130190648041923,0.4423076923076923,0.9287211740041929,0.8904522613065327,0.9091841970241149,0.6216216216216216,0.4423076923076923,0.5168539325842697,"[[45883, 3, 0, 0, 41], [2, 11555, 1, 0, 98], [0, 1, 886, 2, 106], [0, 0, 4, 23, 25], [37, 82, 63, 12, 67149]]"
oof,mlp,Scaling only,1,1.3,0.25,0.9962611035698126,0.9934682282968298,0.8988849061624385,0.8928327689689046,0.7533783783783784,0.5961538461538461,0.9429494079655544,0.8804020100502512,0.9106029106029107,0.5961538461538461,0.5961538461538461,0.5961538461538461,"[[45882, 3, 0, 1, 41], [2, 11555, 1, 0, 98], [0, 1, 876, 2, 116], [0, 0, 4, 31, 17], [37, 82, 48, 18, 67158]]"
oof,mlp,Baseline,2,1.0,1.0,0.9958800695387107,0.9928044199765699,0.8896953638380195,0.8720116877763425,0.7305464143699438,0.4807692307692308,0.8933601609657947,0.892462311557789,0.8929110105580694,0.6944444444444444,0.4807692307692308,0.5681818181818182,"[[45885, 1, 0, 0, 41], [3, 11555, 0, 0, 98], [0, 1, 888, 2, 104], [0, 0, 6, 25, 21], [55, 78, 100, 9, 67101]]"
oof,mlp,Scaling only,2,1.3,0.25,0.9959594516285236,0.9929420008600621,0.9047906070967822,0.8963692173033804,0.7682581967213115,0.6153846153846154,0.9143155694879833,0.8793969849246231,0.8965163934426229,0.6666666666666666,0.6153846153846154,0.64,"[[45885, 1, 0, 0, 41], [3, 11555, 0, 0, 98], [0, 1, 875, 2, 117], [0, 0, 3, 32, 17], [55, 78, 79, 14, 67117]]"
oof,mlp,Focal only,0,1.0,1.0,0.9954672826716836,0.9920856808605897,0.8931091197737274,0.8884952676144104,0.7394776494224008,0.5769230769230769,0.8785140562248996,0.8793969849246231,0.8789552988448016,0.625,0.5769230769230769,0.6,"[[45903, 1, 0, 0, 23], [5, 11553, 0, 0, 98], [0, 1, 875, 2, 117], [0, 1, 5, 30, 16], [90, 80, 116, 16, 67041]]"
oof,mlp,Focal + scaling,0,1.0,0.85,0.9954672826716836,0.9920856808605897,0.8931091197737274,0.8884952676144104,0.7394776494224008,0.5769230769230769,0.8785140562248996,0.8793969849246231,0.8789552988448016,0.625,0.5769230769230769,0.6,"[[45903, 1, 0, 0, 23], [5, 11553, 0, 0, 98], [0, 1, 875, 2, 117], [0, 1, 5, 30, 16], [90, 80, 116, 16, 67041]]"
oof,mlp,Focal only,1,1.0,1.0,0.9961340922261119,0.9932472376388712,0.8851825274490801,0.8696724284939709,0.7191517385264998,0.4807692307692308,0.9229957805907173,0.8793969849246231,0.9006690684508492,0.6097560975609756,0.4807692307692308,0.5376344086021505,"[[45894, 7, 0, 0, 26], [3, 11564, 0, 0, 89], [0, 1, 875, 2, 117], [0, 0, 4, 25, 23], [45, 87, 69, 14, 67128]]"
oof,mlp,Focal + scaling,1,1.0,0.85,0.9961420304350932,0.9932611460353874,0.8882954229276752,0.8735185823401246,0.7269302789062757,0.5,0.9229957805907173,0.8793969849246231,0.9006690684508492,0.6190476190476191,0.5,0.5531914893617021,"[[45894, 7, 0, 0, 26], [3, 11564, 0, 0, 89], [0, 1, 875, 2, 117], [0, 0, 4, 26, 22], [45, 87, 69, 14, 67128]]"
oof,mlp,Focal only,2,1.0,1.0,0.9959197605836171,0.9928729727185442,0.892614726259289,0.8900799985756882,0.7375161865669819,0.5961538461538461,0.9035639412997903,0.8663316582914573,0.8845561826577732,0.5849056603773585,0.5961538461538461,0.5904761904761905,"[[45886, 3, 0, 1, 37], [2, 11565, 0, 0, 89], [0, 1, 862, 2, 130], [0, 1, 5, 31, 15], [49, 73, 87, 19, 67115]]"
oof,mlp,Focal + scaling,2,1.0,0.85,0.9959276987925985,0.9928868847245368,0.8952756841195146,0.893926152421842,0.7441648837817167,0.6153846153846154,0.9035639412997903,0.8663316582914573,0.8845561826577732,0.5925925925925926,0.6153846153846154,0.6037735849056604,"[[45886, 3, 0, 1, 37], [2, 11565, 0, 0, 89], [0, 1, 862, 2, 130], [0, 1, 5, 32, 14], [49, 73, 87, 19, 67115]]"
oof,mlp,Batching only,0,1.0,1.0,0.9953879005818708,0.9919461981117664,0.8640003851478367,0.8861004948558246,0.6668520234785296,0.5576923076923077,0.8866599799398195,0.8884422110552764,0.8875502008032129,0.3717948717948718,0.5576923076923077,0.4461538461538462,"[[45878, 5, 0, 0, 44], [4, 11534, 1, 3, 114], [0, 1, 884, 7, 103], [0, 0, 5, 29, 18], [65, 65, 107, 39, 67067]]"
oof,mlp,Batching + scaling,0,1.3,7.0,0.9955149119255714,0.9921644932179172,0.8832369776037465,0.8704880999647969,0.714890754493596,0.5,0.8980228928199792,0.8673366834170855,0.8824130879345603,0.6046511627906976,0.5,0.5473684210526316,"[[45878, 5, 0, 0, 44], [4, 11536, 1, 0, 115], [0, 1, 863, 2, 129], [0, 0, 5, 26, 21], [65, 66, 92, 15, 67105]]"
oof,mlp,Batching only,1,1.0,1.0,0.9958086256578791,0.9926835865036504,0.8720721117728705,0.8845745114178172,0.686658412671306,0.5384615384615384,0.901010101010101,0.8964824120603015,0.8987405541561713,0.42424242424242425,0.5384615384615384,0.4745762711864407,"[[45894, 4, 0, 1, 28], [4, 11573, 0, 3, 76], [0, 1, 892, 3, 99], [0, 1, 5, 28, 18], [60, 101, 93, 31, 67058]]"
oof,mlp,Batching + scaling,1,1.3,7.0,0.9960705865542616,0.9931382900593124,0.8873724986651409,0.8723792019539249,0.7248003549245785,0.4807692307692308,0.9202072538860103,0.892462311557789,0.9061224489795918,0.625,0.4807692307692308,0.5434782608695652,"[[45894, 4, 0, 1, 28], [4, 11575, 0, 0, 77], [0, 1, 888, 2, 104], [0, 1, 5, 25, 21], [60, 103, 72, 12, 67096]]"
oof,mlp,Batching only,2,1.0,1.0,0.9959673898375049,0.9929599247311813,0.8720723539851882,0.8867788172850567,0.6861461296349284,0.5384615384615384,0.887144259077527,0.9085427135678392,0.8977159880834161,0.42424242424242425,0.5384615384615384,0.4745762711864407,"[[45901, 2, 0, 0, 24], [2, 11556, 0, 2, 96], [0, 1, 904, 5, 85], [0, 0, 6, 28, 18], [59, 68, 109, 31, 67076]]"
oof,mlp,Batching + scaling,2,1.3,7.0,0.9962372889428687,0.9934286020289,0.894026571645899,0.878415472993025,0.7409230425805011,0.5,0.9036144578313253,0.9045226130653267,0.9040683073832245,0.6842105263157895,0.5,0.5777777777777777,"[[45901, 2, 0, 0, 24], [2, 11557, 0, 0, 97], [0, 1, 900, 2, 92], [0, 0, 6, 26, 20], [59, 69, 90, 10, 67115]]"
oof,mlp,Focal + batching,0,1.0,1.0,0.9948957316250308,0.9910961187867215,0.8293285520574806,0.9043078764605597,0.579979674796748,0.6538461538461539,0.9033915724563206,0.8834170854271357,0.8932926829268293,0.16748768472906403,0.6538461538461539,0.26666666666666666,"[[45885, 4, 0, 0, 38], [3, 11545, 0, 3, 105], [0, 1, 879, 28, 87], [0, 0, 4, 34, 14], [66, 62, 90, 138, 66987]]"
oof,mlp,All three controls,0,1.45,4.5,0.9958006874488978,0.9926636608573304,0.8826475562531177,0.8786168105461399,0.7129476584022039,0.5384615384615384,0.9181721572794899,0.8683417085427135,0.8925619834710744,0.5283018867924528,0.5384615384615384,0.5333333333333333,"[[45885, 4, 0, 0, 38], [3, 11545, 0, 3, 105], [0, 1, 864, 2, 128], [0, 0, 4, 28, 20], [66, 62, 73, 20, 67122]]"
oof,mlp,Focal + batching,1,1.0,1.0,0.9953243949100204,0.9918444494462262,0.8414813658033745,0.9116480965679777,0.6100868074552286,0.6730769230769231,0.9113149847094801,0.8984924623115578,0.9048582995951417,0.20588235294117646,0.6730769230769231,0.3153153153153153,"[[45883, 4, 0, 0, 40], [3, 11571, 0, 3, 79], [0, 1, 894, 16, 84], [0, 1, 4, 35, 12], [60, 83, 83, 116, 67001]]"
oof,mlp,All three controls,1,1.45,4.5,0.9960229573003739,0.9930533642825942,0.8829528570887284,0.8842955327806348,0.7134938676994751,0.5576923076923077,0.9355531686358755,0.8753768844221106,0.9044652128764278,0.4915254237288136,0.5576923076923077,0.5225225225225225,"[[45883, 4, 0, 0, 40], [3, 11571, 0, 1, 81], [1, 1, 871, 3, 119], [0, 1, 4, 29, 18], [60, 83, 56, 26, 67118]]"
oof,mlp,Focal + batching,2,1.0,1.0,0.9953085184920578,0.9918203518700873,0.8328408371835344,0.9129328967741894,0.5882058529117353,0.6730769230769231,0.8983050847457628,0.9055276381909547,0.9019019019019019,0.1724137931034483,0.6730769230769231,0.27450980392156865,"[[45896, 3, 0, 1, 27], [4, 11563, 0, 3, 86], [1, 1, 901, 23, 69], [0, 1, 5, 35, 11], [48, 70, 97, 141, 66987]]"
oof,mlp,All three controls,2,1.45,4.5,0.9963246092416629,0.9935809866890127,0.8868471715184899,0.8850386949835493,0.7228076337665379,0.5384615384615384,0.9159836065573771,0.8984924623115578,0.9071537290715372,0.5384615384615384,0.5384615384615384,0.5384615384615384,"[[45896, 3, 0, 1, 27], [4, 11564, 0, 1, 87], [1, 1, 894, 2, 97], [0, 1, 5, 28, 18], [48, 70, 77, 20, 67128]]"
kddtest,conv2d,Baseline,0,1.0,1.0,0.7393097941802697,0.6162233715453155,0.5131731381282512,0.5009040265810718,0.14803129890453834,0.04477611940298507,0.7315573770491803,0.12365777623830966,0.21155555555555555,0.75,0.04477611940298507,0.08450704225352113,"[[5765, 168, 0, 0, 1525], [173, 1540, 119, 0, 589], [0, 11, 357, 0, 2519], [0, 0, 8, 3, 56], [57, 647, 4, 1, 9002]]"
kddtest,conv2d,Scaling only,0,1.15,0.7,0.7396202980837473,0.6168623161233411,0.53371143521613,0.5131454942687835,0.19851807707588398,0.1044776119402985,0.7526652452025586,0.12227225493591964,0.21036948748510131,0.875,0.1044776119402985,0.18666666666666668,"[[5765, 168, 0, 0, 1525], [173, 1547, 107, 0, 594], [0, 11, 353, 0, 2523], [0, 0, 5, 7, 55], [57, 647, 4, 1, 9002]]"
kddtest,conv2d,Baseline,1,1.0,1.0,0.7304826117814053,0.6037593698240419,0.5166074780039283,0.4971580484772849,0.17888311494567244,0.07462686567164178,0.9705882352941176,0.1257360581918947,0.22263109475620976,0.7142857142857143,0.07462686567164178,0.13513513513513514,"[[5669, 131, 0, 0, 1658], [161, 1455, 0, 0, 805], [0, 29, 363, 0, 2495], [0, 0, 6, 5, 56], [57, 671, 5, 2, 8976]]"
kddtest,conv2d,Scaling only,1,1.15,0.7,0.7302608232789212,0.6034469864555072,0.5209003420476039,0.4997274667134336,0.18971112476951446,0.08955223880597014,0.9727520435967303,0.12365777623830966,0.2194222495390289,0.75,0.08955223880597014,0.16,"[[5669, 131, 0, 0, 1658], [161, 1455, 0, 0, 805], [0, 29, 357, 0, 2501], [0, 0, 5, 6, 56], [57, 671, 5, 2, 8976]]"
kddtest,conv2d,Baseline,2,1.0,1.0,0.7509315117104329,0.6381197116351194,0.5356122888099191,0.5111550206846268,0.16905008137800082,0.07462686567164178,0.9420289855072463,0.11257360581918947,0.20111386138613863,0.8333333333333334,0.07462686567164178,0.136986301369863,"[[5773, 26, 0, 0, 1659], [171, 1547, 13, 0, 690], [0, 10, 325, 0, 2552], [0, 0, 4, 5, 58], [57, 371, 3, 1, 9279]]"
kddtest,conv2d,Scaling only,2,1.15,0.7,0.7501774308019872,0.6370792389378929,0.5335091860259087,0.5100039964304213,0.16382025348866983,0.07462686567164178,0.9473684210526315,0.10599237963283685,0.19065420560747665,0.8333333333333334,0.07462686567164178,0.136986301369863,"[[5773, 26, 0, 0, 1659], [171, 1549, 10, 0, 691], [0, 10, 306, 0, 2571], [0, 0, 4, 5, 58], [57, 371, 3, 1, 9279]]"
kddtest,conv2d,Focal only,0,1.0,1.0,0.7575851667849539,0.6450473831626861,0.5617994070535457,0.5401546677261638,0.22220107230100566,0.11940298507462686,0.9002320185614849,0.13439556633183236,0.23387582881253768,0.8888888888888888,0.11940298507462686,0.21052631578947367,"[[5912, 69, 0, 0, 1477], [162, 1758, 32, 0, 469], [0, 16, 388, 0, 2483], [0, 0, 6, 8, 53], [57, 635, 5, 1, 9013]]"
kddtest,conv2d,Focal + scaling,0,1.0,1.9,0.7574077359829666,0.6447572988474678,0.5368140759032285,0.5252498897931536,0.1597950572634117,0.04477611940298507,0.9002320185614849,0.13439556633183236,0.23387582881253768,1.0,0.04477611940298507,0.08571428571428572,"[[5912, 69, 0, 0, 1477], [162, 1758, 32, 0, 469], [0, 16, 388, 0, 2483], [0, 0, 6, 3, 58], [57, 635, 5, 0, 9014]]"
kddtest,conv2d,Focal only,1,1.0,1.0,0.7752395315826828,0.6681795080653776,0.5971627223003543,0.5779657663161528,0.2991498069660977,0.1607204710772428,0.7062404870624048,0.1607204710772428,0.2618510158013544,0.45,0.26865671641791045,0.3364485981308411,"[[6369, 49, 179, 0, 861], [168, 1652, 1, 0, 600], [0, 27, 464, 17, 2379], [0, 0, 9, 18, 40], [59, 669, 4, 5, 8974]]"
kddtest,conv2d,Focal + scaling,1,1.0,1.9,0.7751064584811923,0.6679402727560253,0.5888331700901289,0.5660947438738096,0.27850209279544036,0.16106685140284033,0.7056145675265554,0.16106685140284033,0.2622673434856176,0.5,0.208955223880597,0.29473684210526313,"[[6369, 49, 179, 0, 861], [168, 1652, 1, 0, 600], [0, 27, 465, 9, 2386], [0, 0, 10, 14, 43], [59, 669, 4, 5, 8974]]"
kddtest,conv2d,Focal only,2,1.0,1.0,0.7663236337828248,0.6625014120738102,0.5524750152493233,0.5317976438810655,0.16454009324206553,0.07462686567164178,0.886039886039886,0.10772428126082438,0.19209388511426806,0.8333333333333334,0.07462686567164178,0.136986301369863,"[[5819, 40, 0, 0, 1599], [166, 1771, 33, 0, 451], [0, 16, 311, 0, 2560], [0, 0, 4, 5, 58], [56, 281, 3, 1, 9370]]"
kddtest,conv2d,Focal + scaling,2,1.0,1.9,0.7662349183818311,0.6623590850089319,0.5419658741185521,0.5258274946273341,0.1383004636838946,0.04477611940298507,0.886039886039886,0.10772428126082438,0.19209388511426806,0.75,0.04477611940298507,0.08450704225352113,"[[5819, 40, 0, 0, 1599], [166, 1771, 33, 0, 451], [0, 16, 311, 0, 2560], [0, 0, 4, 3, 60], [56, 281, 3, 1, 9370]]"
kddtest,conv2d,Batching only,0,1.0,1.0,0.7374024130589071,0.6176767561768172,0.5800225896135224,0.5457299311508628,0.31884483602545277,0.11395912712157949,0.6351351351351351,0.11395912712157949,0.1932452276064611,0.5853658536585366,0.3582089552238806,0.4444444444444444,"[[5548, 64, 0, 0, 1846], [210, 1317, 180, 0, 714], [0, 3, 329, 11, 2544], [0, 0, 6, 24, 37], [53, 243, 3, 6, 9406]]"
kddtest,conv2d,Batching + scaling,0,1.0,10.0,0.7371362668559261,0.6172686402729792,0.5578089644942414,0.5160102465512799,0.2635545116461147,0.114305507447177,0.6358381502890174,0.114305507447177,0.19377568995889607,0.8235294117647058,0.208955223880597,0.3333333333333333,"[[5548, 64, 0, 0, 1846], [210, 1317, 180, 0, 714], [0, 3, 330, 0, 2554], [0, 0, 6, 14, 47], [53, 243, 3, 3, 9409]]"
kddtest,conv2d,Batching only,1,1.0,1.0,0.73833392476934,0.6153206039944723,0.5620509483397875,0.5579314596435028,0.27205988493184585,0.13855213023900242,0.7575757575757576,0.13855213023900242,0.2342606149341142,0.29333333333333333,0.3283582089552239,0.30985915492957744,"[[5694, 122, 0, 0, 1642], [160, 1532, 119, 0, 610], [0, 22, 400, 45, 2420], [0, 0, 5, 22, 40], [55, 647, 4, 8, 8997]]"
kddtest,conv2d,Batching + scaling,1,1.0,10.0,0.7382452093683464,0.6151235654881921,0.5687698105505575,0.5371389132620336,0.2895441005705054,0.13855213023900242,0.7575757575757576,0.13855213023900242,0.2342606149341142,0.75,0.22388059701492538,0.3448275862068966,"[[5694, 122, 0, 0, 1642], [160, 1532, 119, 0, 610], [0, 22, 400, 2, 2463], [0, 0, 5, 15, 47], [55, 647, 4, 3, 9002]]"
kddtest,conv2d,Batching only,2,1.0,1.0,0.7523509581263307,0.6382896385835937,0.5572676916736363,0.5873466712746227,0.24403862762031875,0.1537928645652927,0.6959247648902821,0.1537928645652927,0.2519148936170213,0.1568627450980392,0.47761194029850745,0.23616236162361623,"[[5742, 148, 0, 0, 1568], [178, 1384, 185, 0, 674], [0, 21, 444, 159, 2263], [0, 1, 5, 32, 29], [53, 282, 4, 13, 9359]]"
kddtest,conv2d,Batching + scaling,2,1.0,10.0,0.7519960965223563,0.6377922586786444,0.5834081969664351,0.5486923579957609,0.3124082966519941,0.1541392448908902,0.6942277691107644,0.1541392448908902,0.2522675736961451,0.5428571428571428,0.2835820895522388,0.37254901960784315,"[[5742, 148, 0, 0, 1568], [178, 1384, 185, 0, 674], [0, 24, 445, 11, 2407], [0, 1, 7, 19, 40], [53, 286, 4, 5, 9363]]"
kddtest,conv2d,Focal + batching,0,1.0,1.0,0.7307931156848829,0.604255262220493,0.5734710923220717,0.5704368908855524,0.32408616456018463,0.12296501558711465,0.8787128712871287,0.12296501558711465,0.2157398966879368,0.3950617283950617,0.47761194029850745,0.43243243243243246,"[[5718, 31, 0, 0, 1709], [165, 1345, 43, 0, 868], [0, 8, 355, 41, 2483], [0, 0, 3, 32, 32], [56, 619, 3, 8, 9025]]"
kddtest,conv2d,All three controls,0,1.15,8.0,0.7301277501774308,0.6032384539232191,0.5575965654854109,0.5284305274529093,0.2852626525232578,0.12157949428472463,0.8954081632653061,0.12157949428472463,0.2140896614821592,0.5294117647058824,0.26865671641791045,0.3564356435643564,"[[5718, 31, 0, 0, 1709], [165, 1345, 34, 0, 877], [0, 9, 351, 11, 2516], [0, 0, 4, 18, 45], [56, 619, 3, 5, 9028]]"
kddtest,conv2d,Focal + batching,1,1.0,1.0,0.7374467707594038,0.614684950224313,0.5679597131143332,0.5745580719086076,0.27639299413244595,0.09906477312088674,0.7944444444444444,0.09906477312088674,0.17616261164151525,0.3333333333333333,0.43283582089552236,0.37662337662337664,"[[5750, 31, 0, 0, 1677], [164, 1556, 65, 0, 636], [0, 11, 286, 53, 2537], [0, 0, 6, 29, 32], [55, 644, 3, 5, 9004]]"
kddtest,conv2d,All three controls,1,1.15,8.0,0.7360716820440029,0.6126245093358985,0.5517935427053515,0.5256650320162118,0.23682593957694983,0.0914444059577416,0.8,0.0914444059577416,0.16412806963009013,0.7647058823529411,0.19402985074626866,0.30952380952380953,"[[5750, 31, 0, 0, 1677], [164, 1560, 57, 0, 640], [0, 11, 264, 2, 2610], [0, 0, 6, 13, 48], [55, 644, 3, 2, 9007]]"
kddtest,conv2d,Focal + batching,2,1.0,1.0,0.7575851667849539,0.6471588267722205,0.605317748533314,0.5827099867251204,0.35123734533183354,0.12157949428472463,0.9023136246786633,0.12157949428472463,0.21428571428571427,0.5166666666666667,0.4626865671641791,0.4881889763779528,"[[5900, 34, 0, 0, 1524], [324, 1375, 31, 0, 691], [0, 17, 351, 19, 2500], [0, 0, 4, 31, 32], [55, 221, 3, 10, 9422]]"
kddtest,conv2d,All three controls,2,1.15,8.0,0.7570085166784953,0.646410602511012,0.5843184576988131,0.5436119313930583,0.2992469165085389,0.1195012123311396,0.9151193633952255,0.1195012123311396,0.2113970588235294,0.6923076923076923,0.26865671641791045,0.3870967741935484,"[[5900, 34, 0, 0, 1524], [324, 1375, 25, 0, 697], [0, 17, 345, 4, 2521], [0, 0, 4, 18, 45], [55, 221, 3, 4, 9428]]"
kddtest,conv1d,Baseline,0,1.0,1.0,0.7347409510290986,0.6079118505187777,0.5178677192682505,0.4959226355569319,0.17407874962428616,0.08955223880597014,0.7113636363636363,0.1084170419120194,0.18815749924857228,0.75,0.08955223880597014,0.16,"[[5805, 35, 0, 0, 1618], [327, 1381, 119, 0, 594], [0, 4, 313, 1, 2569], [0, 0, 5, 6, 56], [54, 594, 3, 1, 9059]]"
kddtest,conv1d,Scaling only,0,0.85,0.4,0.7351845280340668,0.6086139311137311,0.5482703336973109,0.5170746670041515,0.2498999599839936,0.10980256321440943,0.7123595505617978,0.10980256321440943,0.19027611044417767,0.7647058823529411,0.19402985074626866,0.30952380952380953,"[[5805, 35, 0, 0, 1618], [327, 1381, 119, 0, 594], [0, 4, 317, 2, 2564], [0, 0, 6, 13, 48], [54, 594, 3, 2, 9058]]"
kddtest,conv1d,Baseline,1,1.0,1.0,0.7507540809084458,0.6376320993281661,0.548969508872576,0.5175047716237656,0.20603846153846156,0.10529961898164185,0.837465564738292,0.10529961898164185,0.18707692307692309,0.6923076923076923,0.13432835820895522,0.225,"[[5753, 42, 0, 0, 1663], [260, 1478, 51, 0, 632], [5, 6, 304, 1, 2571], [0, 0, 5, 9, 53], [54, 270, 3, 3, 9381]]"
kddtest,conv1d,Scaling only,1,0.85,0.4,0.7509758694109298,0.6379036524530293,0.5792408010645252,0.54702649273595,0.28231948693488557,0.10633875995843436,0.8252688172043011,0.10633875995843436,0.1884013501073949,0.5588235294117647,0.2835820895522388,0.37623762376237624,"[[5753, 42, 0, 0, 1663], [260, 1472, 57, 0, 632], [4, 6, 307, 10, 2560], [0, 0, 5, 19, 43], [54, 270, 3, 5, 9379]]"
kddtest,conv1d,Baseline,2,1.0,1.0,0.7218772178850248,0.5874642563319095,0.5581571777369836,0.5196723641155783,0.2766798687722042,0.08520956009698649,0.5885167464114832,0.08520956009698649,0.14886535552193647,0.8181818181818182,0.26865671641791045,0.4044943820224719,"[[5618, 66, 0, 0, 1774], [174, 1358, 169, 0, 720], [0, 6, 246, 2, 2633], [0, 0, 3, 18, 46], [406, 269, 0, 2, 9034]]"
kddtest,conv1d,Scaling only,2,0.85,0.4,0.7234740951029098,0.5898475044871749,0.5725454390067413,0.5369886995876183,0.31205291581789757,0.09767925181849671,0.6170678336980306,0.09767925181849671,0.1686602870813397,0.6764705882352942,0.34328358208955223,0.45544554455445546,"[[5618, 66, 0, 0, 1774], [174, 1358, 169, 0, 720], [0, 6, 282, 6, 2593], [0, 0, 4, 23, 40], [406, 269, 2, 5, 9029]]"
kddtest,conv1d,Focal only,0,1.0,1.0,0.7500887154009936,0.6372726789973487,0.580946485428797,0.5406394271598586,0.2810644440812769,0.11361274679598199,0.6707566462167689,0.11361274679598199,0.1943127962085308,0.8,0.23880597014925373,0.367816091954023,"[[5669, 42, 0, 0, 1747], [166, 1511, 154, 0, 590], [0, 5, 328, 1, 2553], [0, 0, 4, 16, 47], [54, 265, 3, 3, 9386]]"
kddtest,conv1d,Focal + scaling,0,0.7,1.0,0.7503992193044713,0.6376368054628524,0.5817940939357455,0.5410976907628693,0.28325946107135114,0.11673016972635954,0.6673267326732674,0.11673016972635954,0.19870283018867924,0.8,0.23880597014925373,0.367816091954023,"[[5669, 42, 0, 0, 1747], [166, 1509, 161, 0, 585], [0, 5, 337, 1, 2544], [0, 0, 4, 16, 47], [54, 265, 3, 3, 9386]]"
kddtest,conv1d,Focal only,1,1.0,1.0,0.7343860894251242,0.6090981580535723,0.5649864852120533,0.5396331506388279,0.2772474015183604,0.0969864911673017,0.7407407407407407,0.0969864911673017,0.17151607963246554,0.6666666666666666,0.26865671641791045,0.3829787234042553,"[[5703, 86, 0, 0, 1669], [234, 1551, 93, 0, 543], [1, 7, 280, 4, 2595], [1, 0, 4, 18, 44], [54, 647, 1, 5, 9004]]"
kddtest,conv1d,Focal + scaling,1,0.7,1.0,0.7366926898509581,0.6124339081793239,0.5713129130570508,0.5433061988998189,0.29229944271022845,0.11638378940076204,0.7533632286995515,0.11638378940076204,0.20162016201620162,0.6666666666666666,0.26865671641791045,0.3829787234042553,"[[5703, 86, 0, 0, 1669], [230, 1549, 102, 0, 540], [1, 7, 336, 4, 2539], [1, 0, 5, 18, 43], [54, 647, 3, 5, 9002]]"
kddtest,conv1d,Focal only,2,1.0,1.0,0.731458481192335,0.6029084591024917,0.5731399194711733,0.5415005385165551,0.2977616514558352,0.09421544856252165,0.591304347826087,0.09421544856252165,0.1625336121900209,0.7,0.31343283582089554,0.4329896907216495,"[[5712, 64, 0, 0, 1682], [179, 1465, 183, 0, 594], [0, 3, 272, 5, 2607], [0, 0, 3, 21, 43], [248, 437, 2, 4, 9020]]"
kddtest,conv1d,Focal + scaling,2,0.7,1.0,0.7341643009226402,0.6068365950057499,0.5802427108547343,0.5458237402164474,0.31439081263142676,0.11603740907516454,0.6261682242990654,0.11603740907516454,0.19579193454120397,0.7,0.31343283582089554,0.4329896907216495,"[[5712, 64, 9, 0, 1673], [179, 1465, 183, 0, 594], [0, 3, 335, 5, 2544], [0, 0, 4, 21, 42], [248, 437, 4, 4, 9018]]"
kddtest,conv1d,Batching only,0,1.0,1.0,0.7392210787792761,0.6159609256178272,0.5928656151793688,0.5650103393221775,0.3207893092864709,0.1084170419120194,0.6804347826086956,0.1084170419120194,0.1870331640274873,0.5813953488372093,0.373134328358209,0.45454545454545453,"[[5668, 37, 0, 0, 1753], [155, 1567, 140, 0, 559], [1, 24, 313, 12, 2537], [0, 0, 4, 25, 38], [315, 295, 3, 6, 9092]]"
kddtest,conv1d,Batching + scaling,0,1.0,1.75,0.7391767210787793,0.6158872988730366,0.5908324538267691,0.5620252646953118,0.31573880423596584,0.1084170419120194,0.6804347826086956,0.1084170419120194,0.1870331640274873,0.5853658536585366,0.3582089552238806,0.4444444444444444,"[[5668, 37, 0, 0, 1753], [155, 1567, 140, 0, 559], [1, 24, 313, 11, 2538], [0, 0, 4, 24, 39], [315, 295, 3, 6, 9092]]"
kddtest,conv1d,Batching only,1,1.0,1.0,0.7390880056777857,0.61399127032394,0.587746619774781,0.575669881530154,0.30268597538863234,0.11811569102874957,0.6385767790262172,0.11811569102874957,0.19935691318327975,0.4090909090909091,0.40298507462686567,0.40601503759398494,"[[5661, 69, 36, 0, 1692], [160, 1623, 148, 0, 490], [0, 18, 341, 31, 2497], [0, 0, 5, 27, 35], [422, 267, 4, 8, 9010]]"
kddtest,conv1d,Batching + scaling,1,1.0,1.75,0.7390436479772888,0.6138890096987814,0.5953974577590423,0.5668045289159946,0.32216377686862785,0.11846207135434707,0.6392523364485981,0.11846207135434707,0.19988310929281122,0.5853658536585366,0.3582089552238806,0.4444444444444444,"[[5661, 69, 36, 0, 1692], [160, 1623, 148, 0, 490], [0, 18, 342, 10, 2517], [0, 0, 5, 24, 38], [422, 267, 4, 7, 9011]]"
kddtest,conv1d,Batching only,2,1.0,1.0,0.7402856635911994,0.6144086604857485,0.5981976235077884,0.5657317723114991,0.35975971977549265,0.1541392448908902,0.7416666666666667,0.1541392448908902,0.255233725265271,0.5777777777777777,0.3880597014925373,0.4642857142857143,"[[5800, 115, 0, 0, 1543], [202, 1406, 147, 0, 666], [0, 9, 445, 12, 2421], [0, 0, 4, 26, 37], [406, 282, 4, 7, 9012]]"
kddtest,conv1d,Batching + scaling,2,1.0,1.75,0.7401969481902059,0.6142479770552807,0.5913706889666279,0.5568458244960215,0.3428202435051016,0.1544856252164877,0.7420965058236273,0.1544856252164877,0.25573394495412843,0.575,0.34328358208955223,0.42990654205607476,"[[5800, 115, 0, 0, 1543], [202, 1406, 147, 0, 666], [0, 10, 446, 10, 2421], [0, 0, 4, 23, 40], [406, 282, 4, 7, 9012]]"
kddtest,conv1d,Focal + batching,0,1.0,1.0,0.7347853087295955,0.6105536459714479,0.5589455233241863,0.5724887475502809,0.2570526942542423,0.11291998614478697,0.690677966101695,0.11291998614478697,0.19410538850848466,0.25925925925925924,0.417910447761194,0.32,"[[5630, 50, 0, 0, 1778], [173, 1571, 140, 0, 537], [0, 13, 326, 72, 2476], [0, 0, 3, 28, 36], [53, 637, 3, 8, 9010]]"
kddtest,conv1d,All three controls,0,1.3,8.0,0.734208658623137,0.6096331930130948,0.5667807925044631,0.5393596543485528,0.27753568697015857,0.10980256321440943,0.690631808278867,0.10980256321440943,0.18947997609085476,0.6538461538461539,0.2537313432835821,0.3655913978494624,"[[5630, 50, 0, 0, 1778], [173, 1574, 136, 0, 538], [0, 13, 317, 5, 2552], [0, 0, 3, 17, 47], [53, 637, 3, 4, 9014]]"
kddtest,conv1d,Focal + batching,1,1.0,1.0,0.7437012065294535,0.6209480369947603,0.6000635344877612,0.5801187828655158,0.3370869033047736,0.13301004502944233,0.7204502814258912,0.13301004502944233,0.22456140350877193,0.46774193548387094,0.43283582089552236,0.4496124031007752,"[[5789, 30, 0, 0, 1639], [169, 1518, 141, 2, 591], [0, 13, 384, 23, 2467], [0, 0, 4, 29, 34], [409, 244, 4, 8, 9046]]"
kddtest,conv1d,All three controls,1,1.3,8.0,0.7423704755145494,0.6189685166166314,0.5903249801887785,0.5515195630998196,0.3133480825958702,0.12331139591271216,0.7077534791252486,0.12331139591271216,0.21002949852507374,0.6896551724137931,0.29850746268656714,0.4166666666666667,"[[5789, 30, 0, 0, 1639], [169, 1519, 140, 0, 593], [0, 13, 356, 5, 2513], [0, 0, 5, 20, 42], [409, 244, 2, 4, 9052]]"
kddtest,conv1d,Focal + batching,2,1.0,1.0,0.7434350603264727,0.6172911796492201,0.5966811953511587,0.5831857134940358,0.35357171154651545,0.16972635954277798,0.6815020862308763,0.16972635954277798,0.2717692734331669,0.4,0.47761194029850745,0.43537414965986393,"[[5887, 12, 69, 0, 1490], [345, 1333, 149, 0, 594], [0, 2, 490, 39, 2356], [0, 0, 3, 32, 32], [438, 238, 8, 9, 9018]]"
kddtest,conv1d,All three controls,2,1.3,8.0,0.7425035486160397,0.6161399762918239,0.6020574143646606,0.5581611233135498,0.36866512640659543,0.16349151368202286,0.7239263803680982,0.16349151368202286,0.26674201751907317,0.6857142857142857,0.3582089552238806,0.47058823529411764,"[[5887, 12, 21, 0, 1538], [345, 1333, 148, 0, 595], [0, 2, 472, 6, 2407], [0, 0, 4, 24, 39], [438, 238, 7, 5, 9023]]"
kddtest,transformer,Baseline,0,1.0,1.0,0.7288857345635202,0.5993430491682422,0.49783711772887074,0.4814745754235109,0.14404318787782794,0.029850746268656716,0.9312039312039312,0.1312781434014548,0.23011536126290225,1.0,0.029850746268656716,0.057971014492753624,"[[5688, 54, 20, 0, 1696], [337, 1343, 0, 0, 741], [7, 20, 379, 0, 2481], [0, 1, 6, 2, 58], [52, 637, 2, 0, 9020]]"
kddtest,transformer,Scaling only,0,0.85,0.25,0.7295067423704755,0.6002705216040486,0.5153186237076992,0.4911918360204225,0.18730482522413622,0.07462686567164178,0.9241706161137441,0.13508832698302736,0.2357207615593835,1.0,0.07462686567164178,0.1388888888888889,"[[5688, 52, 23, 0, 1695], [337, 1343, 0, 0, 741], [7, 19, 390, 0, 2471], [0, 1, 7, 5, 54], [52, 637, 2, 0, 9020]]"
kddtest,transformer,Baseline,1,1.0,1.0,0.7350958126330731,0.6102556137620601,0.5448226853147032,0.5123588886569406,0.2548485092342977,0.13432835820895522,0.9593345656192237,0.17977138898510564,0.30280046674445743,0.45,0.13432835820895522,0.20689655172413793,"[[5698, 34, 0, 0, 1726], [174, 1349, 6, 0, 892], [6, 6, 519, 9, 2347], [0, 0, 9, 9, 49], [54, 651, 7, 2, 8997]]"
kddtest,transformer,Scaling only,1,0.85,0.25,0.7364709013484741,0.6123559853115603,0.5535646892961992,0.5232405079344706,0.2760285617137028,0.1791044776119403,0.956369982547993,0.18981641842743333,0.31676300578034683,0.34285714285714286,0.1791044776119403,0.23529411764705882,"[[5698, 34, 0, 0, 1726], [174, 1348, 7, 0, 892], [0, 6, 548, 21, 2312], [0, 0, 11, 12, 44], [54, 651, 7, 2, 8997]]"
kddtest,transformer,Baseline,2,1.0,1.0,0.7538147622427254,0.6420531194677898,0.4963702159654647,0.48453808642581286,0.0780704538241828,0.0,0.9318181818181818,0.08520956009698649,0.1561409076483656,0.0,0.0,0.0,"[[5895, 32, 0, 0, 1531], [359, 1385, 15, 0, 662], [0, 36, 246, 0, 2605], [0, 2, 3, 0, 62], [55, 188, 0, 0, 9468]]"
kddtest,transformer,Scaling only,2,0.85,0.25,0.7538591199432222,0.6420594568290864,0.5018081529000525,0.48752316105267857,0.09148498736454362,0.014925373134328358,0.917910447761194,0.08520956009698649,0.15594294770206021,0.14285714285714285,0.014925373134328358,0.02702702702702703,"[[5895, 32, 0, 0, 1531], [359, 1385, 19, 0, 658], [0, 36, 246, 6, 2599], [0, 2, 3, 1, 61], [55, 188, 0, 0, 9468]]"
kddtest,transformer,Focal only,0,1.0,1.0,0.7415720369056068,0.6163694333106706,0.5545540115635876,0.5208504843233424,0.24465662954893283,0.13432835820895522,0.9320594479830149,0.15206096293730517,0.2614651578320429,0.75,0.13432835820895522,0.22784810126582278,"[[5820, 65, 13, 0, 1560], [308, 1488, 8, 0, 617], [0, 14, 439, 2, 2432], [0, 2, 4, 9, 52], [358, 383, 7, 1, 8962]]"
kddtest,transformer,Focal + scaling,0,0.55,1.9,0.7435681334279631,0.6188644273177297,0.5508506439293183,0.518184990994029,0.23363872082973208,0.1044776119402985,0.833904109589041,0.16868721856598545,0.28061077499279746,0.875,0.1044776119402985,0.18666666666666668,"[[5820, 65, 75, 0, 1498], [308, 1488, 8, 0, 617], [0, 14, 487, 0, 2386], [0, 2, 6, 7, 52], [358, 383, 8, 1, 8961]]"
kddtest,transformer,Focal only,1,1.0,1.0,0.7374911284599006,0.614246575978445,0.565908113283436,0.5307792533135471,0.30545101157346055,0.1828888119154832,0.9723756906077348,0.1828888119154832,0.30787172011661806,0.46875,0.22388059701492538,0.30303030303030304,"[[5750, 16, 0, 0, 1692], [142, 1329, 2, 0, 948], [0, 1, 528, 15, 2343], [0, 0, 7, 15, 45], [51, 648, 6, 2, 9004]]"
kddtest,transformer,Focal + scaling,1,0.55,1.9,0.7420156139105749,0.6208211713887346,0.5678345690627171,0.5292927397257035,0.3086712879573531,0.1791044776119403,0.9666160849772383,0.22064426740561136,0.359278059785674,0.46153846153846156,0.1791044776119403,0.25806451612903225,"[[5750, 16, 0, 0, 1692], [142, 1329, 4, 0, 946], [0, 1, 637, 13, 2236], [0, 0, 7, 12, 48], [51, 648, 11, 1, 9000]]"
kddtest,transformer,Focal only,2,1.0,1.0,0.7483587650816181,0.6353663295523998,0.5322252343438703,0.5053778041830441,0.1756113101111897,0.08486317977138899,0.9722222222222222,0.08486317977138899,0.15610066900286715,0.5333333333333333,0.11940298507462686,0.1951219512195122,"[[5758, 100, 0, 0, 1600], [274, 1394, 4, 0, 749], [0, 8, 245, 7, 2627], [0, 0, 2, 8, 57], [52, 192, 1, 0, 9466]]"
kddtest,transformer,Focal + scaling,2,0.55,1.9,0.7554559971611071,0.6453887964007335,0.5349214128648521,0.5048961420827826,0.17953745600804424,0.05970149253731343,0.9602803738317757,0.142362313820575,0.24796380090497738,0.8,0.05970149253731343,0.1111111111111111,"[[5758, 100, 0, 0, 1600], [274, 1394, 9, 0, 744], [0, 5, 411, 1, 2470], [0, 0, 5, 4, 58], [52, 192, 3, 0, 9464]]"
kddtest,transformer,Batching only,0,1.0,1.0,0.7335432931156849,0.608119693155623,0.5629483010417682,0.5359986927760259,0.29724051955518827,0.14132317284378249,0.9444444444444444,0.14132317284378249,0.24585718589936728,0.4523809523809524,0.2835820895522388,0.3486238532110092,"[[5777, 18, 0, 0, 1663], [148, 1343, 15, 1, 914], [0, 1, 408, 19, 2459], [0, 0, 6, 19, 42], [52, 663, 3, 3, 8990]]"
kddtest,transformer,Batching + scaling,0,1.3,6.0,0.7323456352022711,0.60639017604269,0.5683832343146855,0.5311637595922518,0.31156333910927103,0.1319709040526498,0.9525,0.1319709040526498,0.23182233039245512,0.72,0.26865671641791045,0.391304347826087,"[[5777, 18, 0, 0, 1663], [148, 1343, 10, 0, 920], [0, 1, 381, 5, 2500], [0, 0, 6, 18, 43], [52, 663, 3, 2, 8991]]"
kddtest,transformer,Batching only,1,1.0,1.0,0.7522178850248403,0.639328683489276,0.5406093350368308,0.5398697222657511,0.20138763508808127,0.17249740214755802,0.9783889980353635,0.17249740214755802,0.29328621908127206,0.07246376811594203,0.22388059701492538,0.10948905109489052,"[[5679, 30, 0, 26, 1723], [266, 1396, 4, 0, 755], [0, 54, 498, 160, 2175], [0, 0, 2, 15, 50], [53, 277, 5, 6, 9370]]"
kddtest,transformer,Batching + scaling,1,1.3,6.0,0.7515081618168914,0.6385455980085317,0.5566161547985126,0.5241336315513069,0.24462712228669675,0.14925373134328357,0.9778672032193159,0.16834083824038795,0.2872340425531915,0.3125,0.14925373134328357,0.20202020202020202,"[[5679, 30, 0, 0, 1749], [266, 1396, 4, 0, 755], [0, 57, 486, 17, 2327], [0, 0, 2, 10, 55], [53, 277, 5, 5, 9371]]"
kddtest,transformer,Batching only,2,1.0,1.0,0.7646823988644429,0.6553384299780968,0.6001363869302935,0.5623752314338935,0.329722036346642,0.17457568410114305,0.84,0.17457568410114305,0.2890737023229137,0.4878048780487805,0.29850746268656714,0.37037037037037035,"[[5867, 7, 48, 0, 1536], [514, 1403, 31, 0, 473], [0, 11, 504, 17, 2355], [0, 0, 4, 20, 43], [53, 196, 13, 4, 9445]]"
kddtest,transformer,Batching + scaling,2,1.3,6.0,0.7638839602555003,0.6542592545120542,0.5917704150689262,0.5464032268616074,0.30937626667963747,0.16903359889158295,0.8442906574394463,0.16903359889158295,0.2816738816738817,0.6818181818181818,0.22388059701492538,0.33707865168539325,"[[5867, 7, 44, 0, 1540], [514, 1403, 30, 0, 474], [0, 11, 488, 5, 2383], [0, 0, 4, 15, 48], [53, 196, 12, 2, 9448]]"
kddtest,transformer,Focal + batching,0,1.0,1.0,0.7317689850958127,0.6055008311957875,0.5636091358023492,0.564392151746547,0.30459679744214696,0.14305507447177002,0.9582366589327146,0.14305507447177002,0.2489451476793249,0.30851063829787234,0.43283582089552236,0.36024844720496896,"[[5719, 76, 0, 0, 1663], [166, 1338, 3, 1, 913], [0, 9, 413, 55, 2410], [0, 1, 4, 29, 33], [52, 641, 11, 9, 8998]]"
kddtest,transformer,All three controls,0,1.0,10.0,0.7319907735982967,0.6057924229301066,0.5774924056507891,0.5440845378209144,0.3399080224833929,0.14547973675095255,0.958904109589041,0.14547973675095255,0.25263157894736843,0.6111111111111112,0.3283582089552239,0.42718446601941745,"[[5719, 76, 0, 0, 1663], [166, 1338, 3, 0, 914], [0, 9, 420, 10, 2448], [0, 1, 4, 22, 40], [52, 641, 11, 4, 9003]]"
kddtest,transformer,Focal + batching,1,1.0,1.0,0.7377129169623847,0.6111963933218203,0.567346047085822,0.5638526610078418,0.29716189322488534,0.12746795981988224,0.8867469879518072,0.12746795981988224,0.22289521502119927,0.3561643835616438,0.3880597014925373,0.37142857142857144,"[[5814, 38, 41, 0, 1565], [478, 1454, 0, 0, 489], [5, 44, 368, 40, 2430], [0, 0, 4, 26, 37], [53, 680, 2, 7, 8969]]"
kddtest,transformer,All three controls,1,1.0,10.0,0.7378016323633783,0.6111663193012279,0.5582626741643366,0.528806906941921,0.27494668955115203,0.1309317630758573,0.883177570093458,0.1309317630758573,0.22805429864253393,0.7,0.208955223880597,0.3218390804597701,"[[5814, 38, 41, 0, 1565], [478, 1454, 0, 0, 489], [5, 44, 378, 4, 2456], [0, 0, 6, 14, 47], [53, 680, 3, 2, 8973]]"
kddtest,transformer,Focal + batching,2,1.0,1.0,0.7704488999290277,0.6677733528706488,0.6164290109849294,0.5767761809963132,0.3651558960660277,0.20401801177693107,0.9703459637561779,0.20401801177693107,0.3371493989696623,0.46,0.34328358208955223,0.39316239316239315,"[[5906, 1, 0, 0, 1551], [253, 1378, 10, 0, 780], [0, 3, 589, 21, 2274], [0, 0, 5, 23, 39], [53, 176, 3, 6, 9473]]"
kddtest,transformer,All three controls,2,1.0,10.0,0.7703158268275373,0.6675537833976446,0.5911913757022438,0.5414327274685965,0.3023360565549871,0.16417910447761194,0.9643435980551054,0.2060962937305161,0.3396118721461187,0.6875,0.16417910447761194,0.26506024096385544,"[[5906, 1, 0, 0, 1551], [253, 1378, 10, 0, 780], [0, 3, 595, 3, 2286], [0, 0, 8, 11, 48], [53, 176, 4, 2, 9476]]"
kddtest,mlp,Baseline,0,1.0,1.0,0.7855748757984387,0.6881709852105257,0.6281221107660376,0.586416331683947,0.34036164736947777,0.14166955316937999,0.6704918032786885,0.14166955316937999,0.23391478410065772,0.7777777777777778,0.31343283582089554,0.44680851063829785,"[[6226, 30, 174, 0, 1028], [164, 1625, 17, 0, 615], [2, 12, 409, 2, 2462], [0, 0, 5, 21, 41], [53, 220, 5, 4, 9429]]"
kddtest,mlp,Scaling only,0,1.3,0.25,0.7856635911994322,0.6883439373522732,0.6239999914834696,0.6158102311592506,0.32949795558723655,0.13959127121579495,0.6761744966442953,0.13959127121579495,0.23140970427792132,0.3974358974358974,0.4626865671641791,0.42758620689655175,"[[6226, 30, 171, 0, 1031], [164, 1625, 14, 0, 618], [2, 12, 403, 40, 2430], [0, 0, 4, 31, 32], [53, 220, 4, 7, 9427]]"
kddtest,mlp,Baseline,1,1.0,1.0,0.7936036195883606,0.6974455333248926,0.6218229403939646,0.5846560609672624,0.30554894821266293,0.17319016279875304,0.5399568034557235,0.17319016279875304,0.26226068712300027,0.7894736842105263,0.22388059701492538,0.3488372093023256,"[[6185, 94, 369, 0, 810], [226, 1756, 44, 0, 395], [0, 12, 500, 1, 2374], [0, 0, 10, 15, 42], [55, 215, 3, 3, 9435]]"
kddtest,mlp,Scaling only,1,1.3,0.25,0.792583392476934,0.6962905755936918,0.6144305684511411,0.6095309476751111,0.2864604781204621,0.16106685140284033,0.544496487119438,0.16106685140284033,0.24859663191659984,0.2962962962962963,0.3582089552238806,0.32432432432432434,"[[6185, 94, 341, 0, 838], [226, 1762, 38, 0, 395], [0, 12, 465, 51, 2359], [0, 0, 7, 24, 36], [55, 215, 3, 6, 9432]]"
kddtest,mlp,Baseline,2,1.0,1.0,0.7609563520227112,0.6505582360180923,0.5934484957942541,0.5581946147714593,0.2996828752642706,0.10910980256321441,0.7429245283018868,0.10910980256321441,0.19027484143763213,0.8571428571428571,0.26865671641791045,0.4090909090909091,"[[6021, 47, 1, 0, 1389], [167, 1592, 102, 0, 560], [0, 20, 315, 1, 2551], [0, 0, 4, 18, 45], [56, 442, 2, 2, 9209]]"
kddtest,mlp,Scaling only,2,1.3,0.25,0.7604240596167494,0.649859158680407,0.6022564109501374,0.5690107058656924,0.321575906930598,0.10252857637686179,0.736318407960199,0.10252857637686179,0.17999391912435392,0.7857142857142857,0.3283582089552239,0.4631578947368421,"[[6022, 47, 0, 0, 1389], [167, 1594, 100, 0, 560], [0, 20, 296, 4, 2567], [0, 0, 4, 22, 41], [56, 442, 2, 2, 9209]]"
kddtest,mlp,Focal only,0,1.0,1.0,0.7801188786373314,0.6801329381884639,0.6131628349731504,0.6048312004331363,0.30956487619857276,0.1257360581918947,0.6493738819320215,0.1257360581918947,0.2106790481717934,0.38666666666666666,0.43283582089552236,0.4084507042253521,"[[6161, 31, 172, 0, 1094], [167, 1623, 16, 0, 615], [2, 19, 363, 40, 2463], [0, 0, 4, 29, 34], [54, 236, 4, 6, 9411]]"
kddtest,mlp,Focal + scaling,0,1.0,0.85,0.7801632363378282,0.6801942496182717,0.6125952900825228,0.6078162750600018,0.3080422267885994,0.1257360581918947,0.6493738819320215,0.1257360581918947,0.2106790481717934,0.37037037037037035,0.44776119402985076,0.40540540540540543,"[[6161, 31, 172, 0, 1094], [167, 1623, 16, 0, 615], [2, 19, 363, 45, 2458], [0, 0, 4, 30, 33], [54, 236, 4, 6, 9411]]"
kddtest,mlp,Focal only,1,1.0,1.0,0.7769251242015613,0.6737970042949857,0.5841157075772614,0.5808118567665259,0.2317473548123703,0.08382403879459646,0.4238178633975482,0.08382403879459646,0.1399652978600347,0.3188405797101449,0.3283582089552239,0.3235294117647059,"[[6153, 101, 237, 0, 967], [216, 1690, 83, 0, 432], [2, 9, 242, 41, 2593], [0, 0, 6, 22, 39], [56, 238, 3, 6, 9408]]"
kddtest,mlp,Focal + scaling,1,1.0,0.85,0.7769251242015613,0.6737930701278646,0.5822950605787277,0.5808118567665259,0.2271255060728745,0.08382403879459646,0.4238178633975482,0.08382403879459646,0.1399652978600347,0.3013698630136986,0.3283582089552239,0.3142857142857143,"[[6153, 101, 237, 0, 967], [216, 1690, 83, 0, 432], [2, 9, 242, 45, 2589], [0, 0, 6, 22, 39], [56, 238, 3, 6, 9408]]"
kddtest,mlp,Focal only,2,1.0,1.0,0.7712029808374734,0.6681858967481223,0.6112292702013098,0.5693475245465938,0.32773263125889684,0.11603740907516454,0.9178082191780822,0.11603740907516454,0.20602706027060272,0.9090909090909091,0.29850746268656714,0.449438202247191,"[[6089, 53, 2, 0, 1314], [165, 1577, 21, 0, 658], [0, 25, 335, 0, 2527], [0, 0, 4, 20, 43], [55, 286, 3, 2, 9365]]"
kddtest,mlp,Focal + scaling,2,1.0,0.85,0.771291696238467,0.668328219193727,0.6180583586910657,0.5753176738003252,0.34477177189354313,0.11603740907516454,0.9178082191780822,0.11603740907516454,0.20602706027060272,0.9166666666666666,0.3283582089552239,0.4835164835164835,"[[6089, 53, 2, 0, 1314], [165, 1577, 21, 0, 658], [0, 25, 335, 0, 2527], [0, 0, 4, 22, 41], [55, 286, 3, 2, 9365]]"
kddtest,mlp,Batching only,0,1.0,1.0,0.7855748757984387,0.689317773271307,0.6393603420213331,0.6195778137259769,0.35078957661093185,0.12885348112227227,0.7126436781609196,0.12885348112227227,0.21824581988853037,0.5471698113207547,0.43283582089552236,0.48333333333333334,"[[6090, 30, 137, 0, 1201], [161, 1820, 5, 2, 433], [0, 24, 372, 11, 2480], [0, 0, 4, 29, 34], [53, 244, 4, 11, 9399]]"
kddtest,mlp,Batching + scaling,0,1.3,7.0,0.7847320794889993,0.6884767792202845,0.6147217888187562,0.5800154211393962,0.2907214943554703,0.12435053688950468,0.7573839662447257,0.12435053688950468,0.2136268967569176,0.8,0.23880597014925373,0.367816091954023,"[[6090, 30, 103, 0, 1235], [161, 1820, 4, 0, 436], [0, 26, 359, 3, 2499], [0, 0, 5, 16, 46], [53, 248, 3, 1, 9406]]"
kddtest,mlp,Batching only,1,1.0,1.0,0.779542228530873,0.6785297516443568,0.6029881002995809,0.6167723935079084,0.2726994069434264,0.11880845167994458,0.5688225538971807,0.11880845167994458,0.19656160458452723,0.2857142857142857,0.44776119402985076,0.3488372093023256,"[[6059, 88, 195, 16, 1100], [167, 1798, 52, 2, 402], [2, 21, 343, 48, 2473], [1, 0, 8, 30, 28], [54, 299, 5, 9, 9344]]"
kddtest,mlp,Batching + scaling,1,1.3,7.0,0.7790099361249113,0.6780759074412988,0.6281206953078883,0.5953050777435074,0.33697036324492696,0.11326636647038449,0.5839285714285715,0.11326636647038449,0.18973020017406442,0.8214285714285714,0.34328358208955223,0.4842105263157895,"[[6059, 88, 179, 0, 1132], [168, 1803, 42, 0, 408], [2, 24, 327, 3, 2531], [1, 0, 8, 23, 35], [54, 301, 4, 2, 9350]]"
kddtest,mlp,Batching only,2,1.0,1.0,0.771957061745919,0.6648109114821205,0.5978858184084477,0.5967756110190643,0.2987553024770876,0.13924489089019743,0.44766146993318484,0.13924489089019743,0.21241743725231177,0.32978723404255317,0.4626865671641791,0.38509316770186336,"[[6131, 16, 290, 0, 1021], [189, 1431, 199, 2, 600], [2, 20, 402, 51, 2412], [0, 0, 5, 31, 31], [55, 236, 2, 10, 9408]]"
kddtest,mlp,Batching + scaling,2,1.3,7.0,0.7706706884315118,0.6632355221792399,0.6085524515420565,0.568321017035115,0.3274229022962205,0.12954624177346727,0.4506024096385542,0.12954624177346727,0.20123755716976055,0.7333333333333333,0.3283582089552239,0.4536082474226804,"[[6131, 16, 268, 0, 1043], [192, 1434, 181, 0, 614], [2, 23, 374, 6, 2482], [0, 0, 5, 22, 40], [55, 239, 2, 2, 9413]]"
kddtest,mlp,Focal + batching,0,1.0,1.0,0.7747072391767211,0.6737114855875234,0.6123079680265533,0.6056353107017747,0.32436100982967736,0.13266366470384483,0.9433497536945813,0.13266366470384483,0.23261463710901914,0.3780487804878049,0.4626865671641791,0.4161073825503356,"[[6093, 36, 6, 0, 1323], [168, 1572, 9, 2, 670], [2, 11, 383, 36, 2455], [0, 0, 4, 31, 32], [52, 256, 4, 13, 9386]]"
kddtest,mlp,All three controls,0,1.45,4.5,0.7741305890702626,0.6731004903176402,0.6231792245041179,0.5867531218467299,0.3522428060936619,0.1267751991686872,0.9506493506493506,0.1267751991686872,0.2237163814180929,0.6756756756756757,0.373134328358209,0.4807692307692308,"[[6093, 36, 6, 0, 1323], [169, 1572, 5, 0, 675], [2, 11, 366, 9, 2499], [0, 0, 4, 25, 38], [52, 256, 4, 3, 9396]]"
kddtest,mlp,Focal + batching,1,1.0,1.0,0.7837118523775728,0.6862904524669101,0.5984302557422111,0.6230920982971043,0.26023418724753283,0.1260824385174922,0.8053097345132744,0.1260824385174922,0.2180293501048218,0.2246376811594203,0.4626865671641791,0.3024390243902439,"[[6063, 93, 38, 24, 1240], [196, 1804, 39, 2, 380], [0, 94, 364, 63, 2366], [0, 0, 5, 31, 31], [56, 225, 6, 18, 9406]]"
kddtest,mlp,All three controls,1,1.45,4.5,0.7826916252661462,0.6851601661462475,0.618169870033195,0.6184548989144687,0.3110060152613344,0.11534464842396952,0.826302729528536,0.11534464842396952,0.20243161094224923,0.39473684210526316,0.44776119402985076,0.4195804195804196,"[[6063, 93, 28, 0, 1274], [196, 1809, 32, 2, 382], [0, 94, 333, 34, 2426], [0, 0, 6, 30, 31], [56, 231, 4, 10, 9410]]"
kddtest,mlp,Focal + batching,2,1.0,1.0,0.7695617459190915,0.664116241042534,0.5816538068567996,0.5974140845238123,0.2695339442309587,0.12054035330793211,0.7016129032258065,0.12054035330793211,0.2057345551285841,0.25190839694656486,0.4925373134328358,0.3333333333333333,"[[6171, 41, 66, 10, 1170], [178, 1402, 73, 2, 766], [0, 19, 348, 71, 2449], [0, 0, 5, 33, 29], [57, 240, 4, 15, 9395]]"
kddtest,mlp,All three controls,2,1.45,4.5,0.7682310149041873,0.6627679499422574,0.5900539201934094,0.577451564289339,0.2924909199901266,0.10945618288881191,0.7435294117647059,0.10945618288881191,0.19082125603864733,0.38571428571428573,0.40298507462686567,0.39416058394160586,"[[6171, 41, 43, 0, 1203], [178, 1402, 57, 2, 782], [0, 19, 316, 35, 2517], [0, 0, 5, 27, 35], [57, 241, 4, 6, 9403]]"
