Backbone,Underlying training,k_R2L,k_U2R
Conv2D,Baseline,1.15,0.7
Conv2D,Focal only,1.0,1.9
Conv2D,Batching only,1.0,10.0
Conv2D,Focal + batching,1.15,8.0
Conv1D,Baseline,0.85,0.4
Conv1D,Focal only,0.7,1.0
Conv1D,Batching only,1.0,1.75
Conv1D,Focal + batching,1.3,8.0
Transformer,Baseline,0.85,0.25
Transformer,Focal only,0.55,1.9
Transformer,Batching only,1.3,6.0
Transformer,Focal + batching,1.0,10.0
MLP,Baseline,1.3,0.25
MLP,Focal only,1.0,0.85
MLP,Batching only,1.3,7.0
MLP,Focal + batching,1.45,4.5
