config_id,config_key,experiment_key,r2l_synth_count,target_r2l,cb_beta,focal_gamma,seed,run_name
c001,7195d4f8ab,2004f9ddf9f2,5000,5995,0.9,0.0,0,cnn2d_grid_c001_7195d4f8ab_r5000_b0p9_g0_s0
c001,7195d4f8ab,2004f9ddf9f2,5000,5995,0.9,0.0,1,cnn2d_grid_c001_7195d4f8ab_r5000_b0p9_g0_s1
c001,7195d4f8ab,2004f9ddf9f2,5000,5995,0.9,0.0,2,cnn2d_grid_c001_7195d4f8ab_r5000_b0p9_g0_s2
c002,b200aa8c0a,2004f9ddf9f2,5000,5995,0.9,0.25,0,cnn2d_grid_c002_b200aa8c0a_r5000_b0p9_g0p25_s0
c002,b200aa8c0a,2004f9ddf9f2,5000,5995,0.9,0.25,1,cnn2d_grid_c002_b200aa8c0a_r5000_b0p9_g0p25_s1
c002,b200aa8c0a,2004f9ddf9f2,5000,5995,0.9,0.25,2,cnn2d_grid_c002_b200aa8c0a_r5000_b0p9_g0p25_s2
c003,c88983a5ec,2004f9ddf9f2,5000,5995,0.9,0.5,0,cnn2d_grid_c003_c88983a5ec_r5000_b0p9_g0p5_s0
c003,c88983a5ec,2004f9ddf9f2,5000,5995,0.9,0.5,1,cnn2d_grid_c003_c88983a5ec_r5000_b0p9_g0p5_s1
c003,c88983a5ec,2004f9ddf9f2,5000,5995,0.9,0.5,2,cnn2d_grid_c003_c88983a5ec_r5000_b0p9_g0p5_s2
c004,70de079fe4,2004f9ddf9f2,5000,5995,0.9,0.75,0,cnn2d_grid_c004_70de079fe4_r5000_b0p9_g0p75_s0
c004,70de079fe4,2004f9ddf9f2,5000,5995,0.9,0.75,1,cnn2d_grid_c004_70de079fe4_r5000_b0p9_g0p75_s1
c004,70de079fe4,2004f9ddf9f2,5000,5995,0.9,0.75,2,cnn2d_grid_c004_70de079fe4_r5000_b0p9_g0p75_s2
c005,e632a14248,2004f9ddf9f2,5000,5995,0.9,1.0,0,cnn2d_grid_c005_e632a14248_r5000_b0p9_g1_s0
c005,e632a14248,2004f9ddf9f2,5000,5995,0.9,1.0,1,cnn2d_grid_c005_e632a14248_r5000_b0p9_g1_s1
c005,e632a14248,2004f9ddf9f2,5000,5995,0.9,1.0,2,cnn2d_grid_c005_e632a14248_r5000_b0p9_g1_s2
c006,b297d16b1b,2004f9ddf9f2,5000,5995,0.9,1.25,0,cnn2d_grid_c006_b297d16b1b_r5000_b0p9_g1p25_s0
c006,b297d16b1b,2004f9ddf9f2,5000,5995,0.9,1.25,1,cnn2d_grid_c006_b297d16b1b_r5000_b0p9_g1p25_s1
c006,b297d16b1b,2004f9ddf9f2,5000,5995,0.9,1.25,2,cnn2d_grid_c006_b297d16b1b_r5000_b0p9_g1p25_s2
c007,5b83a9dec3,2004f9ddf9f2,5000,5995,0.9,1.5,0,cnn2d_grid_c007_5b83a9dec3_r5000_b0p9_g1p5_s0
c007,5b83a9dec3,2004f9ddf9f2,5000,5995,0.9,1.5,1,cnn2d_grid_c007_5b83a9dec3_r5000_b0p9_g1p5_s1
c007,5b83a9dec3,2004f9ddf9f2,5000,5995,0.9,1.5,2,cnn2d_grid_c007_5b83a9dec3_r5000_b0p9_g1p5_s2
c008,fc02005778,2004f9ddf9f2,5000,5995,0.9,1.75,0,cnn2d_grid_c008_fc02005778_r5000_b0p9_g1p75_s0
c008,fc02005778,2004f9ddf9f2,5000,5995,0.9,1.75,1,cnn2d_grid_c008_fc02005778_r5000_b0p9_g1p75_s1
c008,fc02005778,2004f9ddf9f2,5000,5995,0.9,1.75,2,cnn2d_grid_c008_fc02005778_r5000_b0p9_g1p75_s2
c009,a9fab10569,2004f9ddf9f2,5000,5995,0.9,2.0,0,cnn2d_grid_c009_a9fab10569_r5000_b0p9_g2_s0
c009,a9fab10569,2004f9ddf9f2,5000,5995,0.9,2.0,1,cnn2d_grid_c009_a9fab10569_r5000_b0p9_g2_s1
c009,a9fab10569,2004f9ddf9f2,5000,5995,0.9,2.0,2,cnn2d_grid_c009_a9fab10569_r5000_b0p9_g2_s2
c010,1620ff40ca,2004f9ddf9f2,5000,5995,0.9,2.25,0,cnn2d_grid_c010_1620ff40ca_r5000_b0p9_g2p25_s0
c010,1620ff40ca,2004f9ddf9f2,5000,5995,0.9,2.25,1,cnn2d_grid_c010_1620ff40ca_r5000_b0p9_g2p25_s1
c010,1620ff40ca,2004f9ddf9f2,5000,5995,0.9,2.25,2,cnn2d_grid_c010_1620ff40ca_r5000_b0p9_g2p25_s2
c011,63b5ee50fb,2004f9ddf9f2,5000,5995,0.9,2.5,0,cnn2d_grid_c011_63b5ee50fb_r5000_b0p9_g2p5_s0
c011,63b5ee50fb,2004f9ddf9f2,5000,5995,0.9,2.5,1,cnn2d_grid_c011_63b5ee50fb_r5000_b0p9_g2p5_s1
c011,63b5ee50fb,2004f9ddf9f2,5000,5995,0.9,2.5,2,cnn2d_grid_c011_63b5ee50fb_r5000_b0p9_g2p5_s2
c012,db6a9b7e4d,2004f9ddf9f2,5000,5995,0.9,3.0,0,cnn2d_grid_c012_db6a9b7e4d_r5000_b0p9_g3_s0
c012,db6a9b7e4d,2004f9ddf9f2,5000,5995,0.9,3.0,1,cnn2d_grid_c012_db6a9b7e4d_r5000_b0p9_g3_s1
c012,db6a9b7e4d,2004f9ddf9f2,5000,5995,0.9,3.0,2,cnn2d_grid_c012_db6a9b7e4d_r5000_b0p9_g3_s2
c013,0f9e194526,2004f9ddf9f2,5000,5995,0.95,0.0,0,cnn2d_grid_c013_0f9e194526_r5000_b0p95_g0_s0
c013,0f9e194526,2004f9ddf9f2,5000,5995,0.95,0.0,1,cnn2d_grid_c013_0f9e194526_r5000_b0p95_g0_s1
c013,0f9e194526,2004f9ddf9f2,5000,5995,0.95,0.0,2,cnn2d_grid_c013_0f9e194526_r5000_b0p95_g0_s2
c014,ddc97a51d2,2004f9ddf9f2,5000,5995,0.95,0.25,0,cnn2d_grid_c014_ddc97a51d2_r5000_b0p95_g0p25_s0
c014,ddc97a51d2,2004f9ddf9f2,5000,5995,0.95,0.25,1,cnn2d_grid_c014_ddc97a51d2_r5000_b0p95_g0p25_s1
c014,ddc97a51d2,2004f9ddf9f2,5000,5995,0.95,0.25,2,cnn2d_grid_c014_ddc97a51d2_r5000_b0p95_g0p25_s2
c015,ad35ffd5b6,2004f9ddf9f2,5000,5995,0.95,0.5,0,cnn2d_grid_c015_ad35ffd5b6_r5000_b0p95_g0p5_s0
c015,ad35ffd5b6,2004f9ddf9f2,5000,5995,0.95,0.5,1,cnn2d_grid_c015_ad35ffd5b6_r5000_b0p95_g0p5_s1
c015,ad35ffd5b6,2004f9ddf9f2,5000,5995,0.95,0.5,2,cnn2d_grid_c015_ad35ffd5b6_r5000_b0p95_g0p5_s2
c016,94713d68a2,2004f9ddf9f2,5000,5995,0.95,0.75,0,cnn2d_grid_c016_94713d68a2_r5000_b0p95_g0p75_s0
c016,94713d68a2,2004f9ddf9f2,5000,5995,0.95,0.75,1,cnn2d_grid_c016_94713d68a2_r5000_b0p95_g0p75_s1
c016,94713d68a2,2004f9ddf9f2,5000,5995,0.95,0.75,2,cnn2d_grid_c016_94713d68a2_r5000_b0p95_g0p75_s2
c017,ea6f5b1a3c,2004f9ddf9f2,5000,5995,0.95,1.0,0,cnn2d_grid_c017_ea6f5b1a3c_r5000_b0p95_g1_s0
c017,ea6f5b1a3c,2004f9ddf9f2,5000,5995,0.95,1.0,1,cnn2d_grid_c017_ea6f5b1a3c_r5000_b0p95_g1_s1
c017,ea6f5b1a3c,2004f9ddf9f2,5000,5995,0.95,1.0,2,cnn2d_grid_c017_ea6f5b1a3c_r5000_b0p95_g1_s2
c018,ee2bdd3bfd,2004f9ddf9f2,5000,5995,0.95,1.25,0,cnn2d_grid_c018_ee2bdd3bfd_r5000_b0p95_g1p25_s0
c018,ee2bdd3bfd,2004f9ddf9f2,5000,5995,0.95,1.25,1,cnn2d_grid_c018_ee2bdd3bfd_r5000_b0p95_g1p25_s1
c018,ee2bdd3bfd,2004f9ddf9f2,5000,5995,0.95,1.25,2,cnn2d_grid_c018_ee2bdd3bfd_r5000_b0p95_g1p25_s2
c019,004a0cbfa1,2004f9ddf9f2,5000,5995,0.95,1.5,0,cnn2d_grid_c019_004a0cbfa1_r5000_b0p95_g1p5_s0
c019,004a0cbfa1,2004f9ddf9f2,5000,5995,0.95,1.5,1,cnn2d_grid_c019_004a0cbfa1_r5000_b0p95_g1p5_s1
c019,004a0cbfa1,2004f9ddf9f2,5000,5995,0.95,1.5,2,cnn2d_grid_c019_004a0cbfa1_r5000_b0p95_g1p5_s2
c020,f3ad7602e5,2004f9ddf9f2,5000,5995,0.95,1.75,0,cnn2d_grid_c020_f3ad7602e5_r5000_b0p95_g1p75_s0
c020,f3ad7602e5,2004f9ddf9f2,5000,5995,0.95,1.75,1,cnn2d_grid_c020_f3ad7602e5_r5000_b0p95_g1p75_s1
c020,f3ad7602e5,2004f9ddf9f2,5000,5995,0.95,1.75,2,cnn2d_grid_c020_f3ad7602e5_r5000_b0p95_g1p75_s2
c021,c15041e36a,2004f9ddf9f2,5000,5995,0.95,2.0,0,cnn2d_grid_c021_c15041e36a_r5000_b0p95_g2_s0
c021,c15041e36a,2004f9ddf9f2,5000,5995,0.95,2.0,1,cnn2d_grid_c021_c15041e36a_r5000_b0p95_g2_s1
c021,c15041e36a,2004f9ddf9f2,5000,5995,0.95,2.0,2,cnn2d_grid_c021_c15041e36a_r5000_b0p95_g2_s2
c022,85a735017d,2004f9ddf9f2,5000,5995,0.95,2.25,0,cnn2d_grid_c022_85a735017d_r5000_b0p95_g2p25_s0
c022,85a735017d,2004f9ddf9f2,5000,5995,0.95,2.25,1,cnn2d_grid_c022_85a735017d_r5000_b0p95_g2p25_s1
c022,85a735017d,2004f9ddf9f2,5000,5995,0.95,2.25,2,cnn2d_grid_c022_85a735017d_r5000_b0p95_g2p25_s2
c023,e514f1841a,2004f9ddf9f2,5000,5995,0.95,2.5,0,cnn2d_grid_c023_e514f1841a_r5000_b0p95_g2p5_s0
c023,e514f1841a,2004f9ddf9f2,5000,5995,0.95,2.5,1,cnn2d_grid_c023_e514f1841a_r5000_b0p95_g2p5_s1
c023,e514f1841a,2004f9ddf9f2,5000,5995,0.95,2.5,2,cnn2d_grid_c023_e514f1841a_r5000_b0p95_g2p5_s2
c024,50d8278fff,2004f9ddf9f2,5000,5995,0.95,3.0,0,cnn2d_grid_c024_50d8278fff_r5000_b0p95_g3_s0
c024,50d8278fff,2004f9ddf9f2,5000,5995,0.95,3.0,1,cnn2d_grid_c024_50d8278fff_r5000_b0p95_g3_s1
c024,50d8278fff,2004f9ddf9f2,5000,5995,0.95,3.0,2,cnn2d_grid_c024_50d8278fff_r5000_b0p95_g3_s2
c025,19503e18c8,2004f9ddf9f2,5000,5995,0.975,0.0,0,cnn2d_grid_c025_19503e18c8_r5000_b0p975_g0_s0
c025,19503e18c8,2004f9ddf9f2,5000,5995,0.975,0.0,1,cnn2d_grid_c025_19503e18c8_r5000_b0p975_g0_s1
c025,19503e18c8,2004f9ddf9f2,5000,5995,0.975,0.0,2,cnn2d_grid_c025_19503e18c8_r5000_b0p975_g0_s2
c026,b128b895c3,2004f9ddf9f2,5000,5995,0.975,0.25,0,cnn2d_grid_c026_b128b895c3_r5000_b0p975_g0p25_s0
c026,b128b895c3,2004f9ddf9f2,5000,5995,0.975,0.25,1,cnn2d_grid_c026_b128b895c3_r5000_b0p975_g0p25_s1
c026,b128b895c3,2004f9ddf9f2,5000,5995,0.975,0.25,2,cnn2d_grid_c026_b128b895c3_r5000_b0p975_g0p25_s2
c027,33efc69614,2004f9ddf9f2,5000,5995,0.975,0.5,0,cnn2d_grid_c027_33efc69614_r5000_b0p975_g0p5_s0
c027,33efc69614,2004f9ddf9f2,5000,5995,0.975,0.5,1,cnn2d_grid_c027_33efc69614_r5000_b0p975_g0p5_s1
c027,33efc69614,2004f9ddf9f2,5000,5995,0.975,0.5,2,cnn2d_grid_c027_33efc69614_r5000_b0p975_g0p5_s2
c028,eaf46fdb5c,2004f9ddf9f2,5000,5995,0.975,0.75,0,cnn2d_grid_c028_eaf46fdb5c_r5000_b0p975_g0p75_s0
c028,eaf46fdb5c,2004f9ddf9f2,5000,5995,0.975,0.75,1,cnn2d_grid_c028_eaf46fdb5c_r5000_b0p975_g0p75_s1
c028,eaf46fdb5c,2004f9ddf9f2,5000,5995,0.975,0.75,2,cnn2d_grid_c028_eaf46fdb5c_r5000_b0p975_g0p75_s2
c029,0953d87a3b,2004f9ddf9f2,5000,5995,0.975,1.0,0,cnn2d_grid_c029_0953d87a3b_r5000_b0p975_g1_s0
c029,0953d87a3b,2004f9ddf9f2,5000,5995,0.975,1.0,1,cnn2d_grid_c029_0953d87a3b_r5000_b0p975_g1_s1
c029,0953d87a3b,2004f9ddf9f2,5000,5995,0.975,1.0,2,cnn2d_grid_c029_0953d87a3b_r5000_b0p975_g1_s2
c030,9dad49c89a,2004f9ddf9f2,5000,5995,0.975,1.25,0,cnn2d_grid_c030_9dad49c89a_r5000_b0p975_g1p25_s0
c030,9dad49c89a,2004f9ddf9f2,5000,5995,0.975,1.25,1,cnn2d_grid_c030_9dad49c89a_r5000_b0p975_g1p25_s1
c030,9dad49c89a,2004f9ddf9f2,5000,5995,0.975,1.25,2,cnn2d_grid_c030_9dad49c89a_r5000_b0p975_g1p25_s2
c031,0d290056ae,2004f9ddf9f2,5000,5995,0.975,1.5,0,cnn2d_grid_c031_0d290056ae_r5000_b0p975_g1p5_s0
c031,0d290056ae,2004f9ddf9f2,5000,5995,0.975,1.5,1,cnn2d_grid_c031_0d290056ae_r5000_b0p975_g1p5_s1
c031,0d290056ae,2004f9ddf9f2,5000,5995,0.975,1.5,2,cnn2d_grid_c031_0d290056ae_r5000_b0p975_g1p5_s2
c032,7a49b90205,2004f9ddf9f2,5000,5995,0.975,1.75,0,cnn2d_grid_c032_7a49b90205_r5000_b0p975_g1p75_s0
c032,7a49b90205,2004f9ddf9f2,5000,5995,0.975,1.75,1,cnn2d_grid_c032_7a49b90205_r5000_b0p975_g1p75_s1
c032,7a49b90205,2004f9ddf9f2,5000,5995,0.975,1.75,2,cnn2d_grid_c032_7a49b90205_r5000_b0p975_g1p75_s2
c033,e9266f2031,2004f9ddf9f2,5000,5995,0.975,2.0,0,cnn2d_grid_c033_e9266f2031_r5000_b0p975_g2_s0
c033,e9266f2031,2004f9ddf9f2,5000,5995,0.975,2.0,1,cnn2d_grid_c033_e9266f2031_r5000_b0p975_g2_s1
c033,e9266f2031,2004f9ddf9f2,5000,5995,0.975,2.0,2,cnn2d_grid_c033_e9266f2031_r5000_b0p975_g2_s2
c034,0d942f990d,2004f9ddf9f2,5000,5995,0.975,2.25,0,cnn2d_grid_c034_0d942f990d_r5000_b0p975_g2p25_s0
c034,0d942f990d,2004f9ddf9f2,5000,5995,0.975,2.25,1,cnn2d_grid_c034_0d942f990d_r5000_b0p975_g2p25_s1
c034,0d942f990d,2004f9ddf9f2,5000,5995,0.975,2.25,2,cnn2d_grid_c034_0d942f990d_r5000_b0p975_g2p25_s2
c035,0c444cccab,2004f9ddf9f2,5000,5995,0.975,2.5,0,cnn2d_grid_c035_0c444cccab_r5000_b0p975_g2p5_s0
c035,0c444cccab,2004f9ddf9f2,5000,5995,0.975,2.5,1,cnn2d_grid_c035_0c444cccab_r5000_b0p975_g2p5_s1
c035,0c444cccab,2004f9ddf9f2,5000,5995,0.975,2.5,2,cnn2d_grid_c035_0c444cccab_r5000_b0p975_g2p5_s2
c036,32d4e2b023,2004f9ddf9f2,5000,5995,0.975,3.0,0,cnn2d_grid_c036_32d4e2b023_r5000_b0p975_g3_s0
c036,32d4e2b023,2004f9ddf9f2,5000,5995,0.975,3.0,1,cnn2d_grid_c036_32d4e2b023_r5000_b0p975_g3_s1
c036,32d4e2b023,2004f9ddf9f2,5000,5995,0.975,3.0,2,cnn2d_grid_c036_32d4e2b023_r5000_b0p975_g3_s2
c037,5aa93bb4ed,2004f9ddf9f2,5000,5995,0.99,0.0,0,cnn2d_grid_c037_5aa93bb4ed_r5000_b0p99_g0_s0
c037,5aa93bb4ed,2004f9ddf9f2,5000,5995,0.99,0.0,1,cnn2d_grid_c037_5aa93bb4ed_r5000_b0p99_g0_s1
c037,5aa93bb4ed,2004f9ddf9f2,5000,5995,0.99,0.0,2,cnn2d_grid_c037_5aa93bb4ed_r5000_b0p99_g0_s2
c038,14ed9490e4,2004f9ddf9f2,5000,5995,0.99,0.25,0,cnn2d_grid_c038_14ed9490e4_r5000_b0p99_g0p25_s0
c038,14ed9490e4,2004f9ddf9f2,5000,5995,0.99,0.25,1,cnn2d_grid_c038_14ed9490e4_r5000_b0p99_g0p25_s1
c038,14ed9490e4,2004f9ddf9f2,5000,5995,0.99,0.25,2,cnn2d_grid_c038_14ed9490e4_r5000_b0p99_g0p25_s2
c039,5adc3a9a9f,2004f9ddf9f2,5000,5995,0.99,0.5,0,cnn2d_grid_c039_5adc3a9a9f_r5000_b0p99_g0p5_s0
c039,5adc3a9a9f,2004f9ddf9f2,5000,5995,0.99,0.5,1,cnn2d_grid_c039_5adc3a9a9f_r5000_b0p99_g0p5_s1
c039,5adc3a9a9f,2004f9ddf9f2,5000,5995,0.99,0.5,2,cnn2d_grid_c039_5adc3a9a9f_r5000_b0p99_g0p5_s2
c040,2543aff670,2004f9ddf9f2,5000,5995,0.99,0.75,0,cnn2d_grid_c040_2543aff670_r5000_b0p99_g0p75_s0
c040,2543aff670,2004f9ddf9f2,5000,5995,0.99,0.75,1,cnn2d_grid_c040_2543aff670_r5000_b0p99_g0p75_s1
c040,2543aff670,2004f9ddf9f2,5000,5995,0.99,0.75,2,cnn2d_grid_c040_2543aff670_r5000_b0p99_g0p75_s2
c041,cf2ae57ded,2004f9ddf9f2,5000,5995,0.99,1.0,0,cnn2d_grid_c041_cf2ae57ded_r5000_b0p99_g1_s0
c041,cf2ae57ded,2004f9ddf9f2,5000,5995,0.99,1.0,1,cnn2d_grid_c041_cf2ae57ded_r5000_b0p99_g1_s1
c041,cf2ae57ded,2004f9ddf9f2,5000,5995,0.99,1.0,2,cnn2d_grid_c041_cf2ae57ded_r5000_b0p99_g1_s2
c042,2414f515e6,2004f9ddf9f2,5000,5995,0.99,1.25,0,cnn2d_grid_c042_2414f515e6_r5000_b0p99_g1p25_s0
c042,2414f515e6,2004f9ddf9f2,5000,5995,0.99,1.25,1,cnn2d_grid_c042_2414f515e6_r5000_b0p99_g1p25_s1
c042,2414f515e6,2004f9ddf9f2,5000,5995,0.99,1.25,2,cnn2d_grid_c042_2414f515e6_r5000_b0p99_g1p25_s2
c043,40f4fb9932,2004f9ddf9f2,5000,5995,0.99,1.5,0,cnn2d_grid_c043_40f4fb9932_r5000_b0p99_g1p5_s0
c043,40f4fb9932,2004f9ddf9f2,5000,5995,0.99,1.5,1,cnn2d_grid_c043_40f4fb9932_r5000_b0p99_g1p5_s1
c043,40f4fb9932,2004f9ddf9f2,5000,5995,0.99,1.5,2,cnn2d_grid_c043_40f4fb9932_r5000_b0p99_g1p5_s2
c044,2a724ed2a0,2004f9ddf9f2,5000,5995,0.99,1.75,0,cnn2d_grid_c044_2a724ed2a0_r5000_b0p99_g1p75_s0
c044,2a724ed2a0,2004f9ddf9f2,5000,5995,0.99,1.75,1,cnn2d_grid_c044_2a724ed2a0_r5000_b0p99_g1p75_s1
c044,2a724ed2a0,2004f9ddf9f2,5000,5995,0.99,1.75,2,cnn2d_grid_c044_2a724ed2a0_r5000_b0p99_g1p75_s2
c045,4b7824f63b,2004f9ddf9f2,5000,5995,0.99,2.0,0,cnn2d_grid_c045_4b7824f63b_r5000_b0p99_g2_s0
c045,4b7824f63b,2004f9ddf9f2,5000,5995,0.99,2.0,1,cnn2d_grid_c045_4b7824f63b_r5000_b0p99_g2_s1
c045,4b7824f63b,2004f9ddf9f2,5000,5995,0.99,2.0,2,cnn2d_grid_c045_4b7824f63b_r5000_b0p99_g2_s2
c046,926a07407b,2004f9ddf9f2,5000,5995,0.99,2.25,0,cnn2d_grid_c046_926a07407b_r5000_b0p99_g2p25_s0
c046,926a07407b,2004f9ddf9f2,5000,5995,0.99,2.25,1,cnn2d_grid_c046_926a07407b_r5000_b0p99_g2p25_s1
c046,926a07407b,2004f9ddf9f2,5000,5995,0.99,2.25,2,cnn2d_grid_c046_926a07407b_r5000_b0p99_g2p25_s2
c047,b523c8791d,2004f9ddf9f2,5000,5995,0.99,2.5,0,cnn2d_grid_c047_b523c8791d_r5000_b0p99_g2p5_s0
c047,b523c8791d,2004f9ddf9f2,5000,5995,0.99,2.5,1,cnn2d_grid_c047_b523c8791d_r5000_b0p99_g2p5_s1
c047,b523c8791d,2004f9ddf9f2,5000,5995,0.99,2.5,2,cnn2d_grid_c047_b523c8791d_r5000_b0p99_g2p5_s2
c048,c536b091ee,2004f9ddf9f2,5000,5995,0.99,3.0,0,cnn2d_grid_c048_c536b091ee_r5000_b0p99_g3_s0
c048,c536b091ee,2004f9ddf9f2,5000,5995,0.99,3.0,1,cnn2d_grid_c048_c536b091ee_r5000_b0p99_g3_s1
c048,c536b091ee,2004f9ddf9f2,5000,5995,0.99,3.0,2,cnn2d_grid_c048_c536b091ee_r5000_b0p99_g3_s2
c049,f4d5cc6302,2004f9ddf9f2,5000,5995,0.995,0.0,0,cnn2d_grid_c049_f4d5cc6302_r5000_b0p995_g0_s0
c049,f4d5cc6302,2004f9ddf9f2,5000,5995,0.995,0.0,1,cnn2d_grid_c049_f4d5cc6302_r5000_b0p995_g0_s1
c049,f4d5cc6302,2004f9ddf9f2,5000,5995,0.995,0.0,2,cnn2d_grid_c049_f4d5cc6302_r5000_b0p995_g0_s2
c050,75167d9d18,2004f9ddf9f2,5000,5995,0.995,0.25,0,cnn2d_grid_c050_75167d9d18_r5000_b0p995_g0p25_s0
c050,75167d9d18,2004f9ddf9f2,5000,5995,0.995,0.25,1,cnn2d_grid_c050_75167d9d18_r5000_b0p995_g0p25_s1
c050,75167d9d18,2004f9ddf9f2,5000,5995,0.995,0.25,2,cnn2d_grid_c050_75167d9d18_r5000_b0p995_g0p25_s2
c051,0abe694db3,2004f9ddf9f2,5000,5995,0.995,0.5,0,cnn2d_grid_c051_0abe694db3_r5000_b0p995_g0p5_s0
c051,0abe694db3,2004f9ddf9f2,5000,5995,0.995,0.5,1,cnn2d_grid_c051_0abe694db3_r5000_b0p995_g0p5_s1
c051,0abe694db3,2004f9ddf9f2,5000,5995,0.995,0.5,2,cnn2d_grid_c051_0abe694db3_r5000_b0p995_g0p5_s2
c052,2827471ea0,2004f9ddf9f2,5000,5995,0.995,0.75,0,cnn2d_grid_c052_2827471ea0_r5000_b0p995_g0p75_s0
c052,2827471ea0,2004f9ddf9f2,5000,5995,0.995,0.75,1,cnn2d_grid_c052_2827471ea0_r5000_b0p995_g0p75_s1
c052,2827471ea0,2004f9ddf9f2,5000,5995,0.995,0.75,2,cnn2d_grid_c052_2827471ea0_r5000_b0p995_g0p75_s2
c053,4ba6805a0d,2004f9ddf9f2,5000,5995,0.995,1.0,0,cnn2d_grid_c053_4ba6805a0d_r5000_b0p995_g1_s0
c053,4ba6805a0d,2004f9ddf9f2,5000,5995,0.995,1.0,1,cnn2d_grid_c053_4ba6805a0d_r5000_b0p995_g1_s1
c053,4ba6805a0d,2004f9ddf9f2,5000,5995,0.995,1.0,2,cnn2d_grid_c053_4ba6805a0d_r5000_b0p995_g1_s2
c054,fc6d25901e,2004f9ddf9f2,5000,5995,0.995,1.25,0,cnn2d_grid_c054_fc6d25901e_r5000_b0p995_g1p25_s0
c054,fc6d25901e,2004f9ddf9f2,5000,5995,0.995,1.25,1,cnn2d_grid_c054_fc6d25901e_r5000_b0p995_g1p25_s1
c054,fc6d25901e,2004f9ddf9f2,5000,5995,0.995,1.25,2,cnn2d_grid_c054_fc6d25901e_r5000_b0p995_g1p25_s2
c055,6e3fe888ef,2004f9ddf9f2,5000,5995,0.995,1.5,0,cnn2d_grid_c055_6e3fe888ef_r5000_b0p995_g1p5_s0
c055,6e3fe888ef,2004f9ddf9f2,5000,5995,0.995,1.5,1,cnn2d_grid_c055_6e3fe888ef_r5000_b0p995_g1p5_s1
c055,6e3fe888ef,2004f9ddf9f2,5000,5995,0.995,1.5,2,cnn2d_grid_c055_6e3fe888ef_r5000_b0p995_g1p5_s2
c056,8e983683de,2004f9ddf9f2,5000,5995,0.995,1.75,0,cnn2d_grid_c056_8e983683de_r5000_b0p995_g1p75_s0
c056,8e983683de,2004f9ddf9f2,5000,5995,0.995,1.75,1,cnn2d_grid_c056_8e983683de_r5000_b0p995_g1p75_s1
c056,8e983683de,2004f9ddf9f2,5000,5995,0.995,1.75,2,cnn2d_grid_c056_8e983683de_r5000_b0p995_g1p75_s2
c057,21a161c6d4,2004f9ddf9f2,5000,5995,0.995,2.0,0,cnn2d_grid_c057_21a161c6d4_r5000_b0p995_g2_s0
c057,21a161c6d4,2004f9ddf9f2,5000,5995,0.995,2.0,1,cnn2d_grid_c057_21a161c6d4_r5000_b0p995_g2_s1
c057,21a161c6d4,2004f9ddf9f2,5000,5995,0.995,2.0,2,cnn2d_grid_c057_21a161c6d4_r5000_b0p995_g2_s2
c058,b680caae0d,2004f9ddf9f2,5000,5995,0.995,2.25,0,cnn2d_grid_c058_b680caae0d_r5000_b0p995_g2p25_s0
c058,b680caae0d,2004f9ddf9f2,5000,5995,0.995,2.25,1,cnn2d_grid_c058_b680caae0d_r5000_b0p995_g2p25_s1
c058,b680caae0d,2004f9ddf9f2,5000,5995,0.995,2.25,2,cnn2d_grid_c058_b680caae0d_r5000_b0p995_g2p25_s2
c059,fd725e4ab6,2004f9ddf9f2,5000,5995,0.995,2.5,0,cnn2d_grid_c059_fd725e4ab6_r5000_b0p995_g2p5_s0
c059,fd725e4ab6,2004f9ddf9f2,5000,5995,0.995,2.5,1,cnn2d_grid_c059_fd725e4ab6_r5000_b0p995_g2p5_s1
c059,fd725e4ab6,2004f9ddf9f2,5000,5995,0.995,2.5,2,cnn2d_grid_c059_fd725e4ab6_r5000_b0p995_g2p5_s2
c060,6922ed644f,2004f9ddf9f2,5000,5995,0.995,3.0,0,cnn2d_grid_c060_6922ed644f_r5000_b0p995_g3_s0
c060,6922ed644f,2004f9ddf9f2,5000,5995,0.995,3.0,1,cnn2d_grid_c060_6922ed644f_r5000_b0p995_g3_s1
c060,6922ed644f,2004f9ddf9f2,5000,5995,0.995,3.0,2,cnn2d_grid_c060_6922ed644f_r5000_b0p995_g3_s2
c061,28909177ed,2004f9ddf9f2,5000,5995,0.999,0.0,0,cnn2d_grid_c061_28909177ed_r5000_b0p999_g0_s0
c061,28909177ed,2004f9ddf9f2,5000,5995,0.999,0.0,1,cnn2d_grid_c061_28909177ed_r5000_b0p999_g0_s1
c061,28909177ed,2004f9ddf9f2,5000,5995,0.999,0.0,2,cnn2d_grid_c061_28909177ed_r5000_b0p999_g0_s2
c062,6a62834264,2004f9ddf9f2,5000,5995,0.999,0.25,0,cnn2d_grid_c062_6a62834264_r5000_b0p999_g0p25_s0
c062,6a62834264,2004f9ddf9f2,5000,5995,0.999,0.25,1,cnn2d_grid_c062_6a62834264_r5000_b0p999_g0p25_s1
c062,6a62834264,2004f9ddf9f2,5000,5995,0.999,0.25,2,cnn2d_grid_c062_6a62834264_r5000_b0p999_g0p25_s2
c063,cec23d1f44,2004f9ddf9f2,5000,5995,0.999,0.5,0,cnn2d_grid_c063_cec23d1f44_r5000_b0p999_g0p5_s0
c063,cec23d1f44,2004f9ddf9f2,5000,5995,0.999,0.5,1,cnn2d_grid_c063_cec23d1f44_r5000_b0p999_g0p5_s1
c063,cec23d1f44,2004f9ddf9f2,5000,5995,0.999,0.5,2,cnn2d_grid_c063_cec23d1f44_r5000_b0p999_g0p5_s2
c064,cd2953c0e5,2004f9ddf9f2,5000,5995,0.999,0.75,0,cnn2d_grid_c064_cd2953c0e5_r5000_b0p999_g0p75_s0
c064,cd2953c0e5,2004f9ddf9f2,5000,5995,0.999,0.75,1,cnn2d_grid_c064_cd2953c0e5_r5000_b0p999_g0p75_s1
c064,cd2953c0e5,2004f9ddf9f2,5000,5995,0.999,0.75,2,cnn2d_grid_c064_cd2953c0e5_r5000_b0p999_g0p75_s2
c065,cc3c2f1ca2,2004f9ddf9f2,5000,5995,0.999,1.0,0,cnn2d_grid_c065_cc3c2f1ca2_r5000_b0p999_g1_s0
c065,cc3c2f1ca2,2004f9ddf9f2,5000,5995,0.999,1.0,1,cnn2d_grid_c065_cc3c2f1ca2_r5000_b0p999_g1_s1
c065,cc3c2f1ca2,2004f9ddf9f2,5000,5995,0.999,1.0,2,cnn2d_grid_c065_cc3c2f1ca2_r5000_b0p999_g1_s2
c066,37cee0e7da,2004f9ddf9f2,5000,5995,0.999,1.25,0,cnn2d_grid_c066_37cee0e7da_r5000_b0p999_g1p25_s0
c066,37cee0e7da,2004f9ddf9f2,5000,5995,0.999,1.25,1,cnn2d_grid_c066_37cee0e7da_r5000_b0p999_g1p25_s1
c066,37cee0e7da,2004f9ddf9f2,5000,5995,0.999,1.25,2,cnn2d_grid_c066_37cee0e7da_r5000_b0p999_g1p25_s2
c067,9fceba4348,2004f9ddf9f2,5000,5995,0.999,1.5,0,cnn2d_grid_c067_9fceba4348_r5000_b0p999_g1p5_s0
c067,9fceba4348,2004f9ddf9f2,5000,5995,0.999,1.5,1,cnn2d_grid_c067_9fceba4348_r5000_b0p999_g1p5_s1
c067,9fceba4348,2004f9ddf9f2,5000,5995,0.999,1.5,2,cnn2d_grid_c067_9fceba4348_r5000_b0p999_g1p5_s2
c068,a4fc8e0c58,2004f9ddf9f2,5000,5995,0.999,1.75,0,cnn2d_grid_c068_a4fc8e0c58_r5000_b0p999_g1p75_s0
c068,a4fc8e0c58,2004f9ddf9f2,5000,5995,0.999,1.75,1,cnn2d_grid_c068_a4fc8e0c58_r5000_b0p999_g1p75_s1
c068,a4fc8e0c58,2004f9ddf9f2,5000,5995,0.999,1.75,2,cnn2d_grid_c068_a4fc8e0c58_r5000_b0p999_g1p75_s2
c069,5fa1b25cb6,2004f9ddf9f2,5000,5995,0.999,2.0,0,cnn2d_grid_c069_5fa1b25cb6_r5000_b0p999_g2_s0
c069,5fa1b25cb6,2004f9ddf9f2,5000,5995,0.999,2.0,1,cnn2d_grid_c069_5fa1b25cb6_r5000_b0p999_g2_s1
c069,5fa1b25cb6,2004f9ddf9f2,5000,5995,0.999,2.0,2,cnn2d_grid_c069_5fa1b25cb6_r5000_b0p999_g2_s2
c070,8b01782571,2004f9ddf9f2,5000,5995,0.999,2.25,0,cnn2d_grid_c070_8b01782571_r5000_b0p999_g2p25_s0
c070,8b01782571,2004f9ddf9f2,5000,5995,0.999,2.25,1,cnn2d_grid_c070_8b01782571_r5000_b0p999_g2p25_s1
c070,8b01782571,2004f9ddf9f2,5000,5995,0.999,2.25,2,cnn2d_grid_c070_8b01782571_r5000_b0p999_g2p25_s2
c071,2be405f6d0,2004f9ddf9f2,5000,5995,0.999,2.5,0,cnn2d_grid_c071_2be405f6d0_r5000_b0p999_g2p5_s0
c071,2be405f6d0,2004f9ddf9f2,5000,5995,0.999,2.5,1,cnn2d_grid_c071_2be405f6d0_r5000_b0p999_g2p5_s1
c071,2be405f6d0,2004f9ddf9f2,5000,5995,0.999,2.5,2,cnn2d_grid_c071_2be405f6d0_r5000_b0p999_g2p5_s2
c072,b11b460da3,2004f9ddf9f2,5000,5995,0.999,3.0,0,cnn2d_grid_c072_b11b460da3_r5000_b0p999_g3_s0
c072,b11b460da3,2004f9ddf9f2,5000,5995,0.999,3.0,1,cnn2d_grid_c072_b11b460da3_r5000_b0p999_g3_s1
c072,b11b460da3,2004f9ddf9f2,5000,5995,0.999,3.0,2,cnn2d_grid_c072_b11b460da3_r5000_b0p999_g3_s2
c073,df99304780,2004f9ddf9f2,5000,5995,0.9995,0.0,0,cnn2d_grid_c073_df99304780_r5000_b0p9995_g0_s0
c073,df99304780,2004f9ddf9f2,5000,5995,0.9995,0.0,1,cnn2d_grid_c073_df99304780_r5000_b0p9995_g0_s1
c073,df99304780,2004f9ddf9f2,5000,5995,0.9995,0.0,2,cnn2d_grid_c073_df99304780_r5000_b0p9995_g0_s2
c074,f132ddc826,2004f9ddf9f2,5000,5995,0.9995,0.25,0,cnn2d_grid_c074_f132ddc826_r5000_b0p9995_g0p25_s0
c074,f132ddc826,2004f9ddf9f2,5000,5995,0.9995,0.25,1,cnn2d_grid_c074_f132ddc826_r5000_b0p9995_g0p25_s1
c074,f132ddc826,2004f9ddf9f2,5000,5995,0.9995,0.25,2,cnn2d_grid_c074_f132ddc826_r5000_b0p9995_g0p25_s2
c075,eeba2d306b,2004f9ddf9f2,5000,5995,0.9995,0.5,0,cnn2d_grid_c075_eeba2d306b_r5000_b0p9995_g0p5_s0
c075,eeba2d306b,2004f9ddf9f2,5000,5995,0.9995,0.5,1,cnn2d_grid_c075_eeba2d306b_r5000_b0p9995_g0p5_s1
c075,eeba2d306b,2004f9ddf9f2,5000,5995,0.9995,0.5,2,cnn2d_grid_c075_eeba2d306b_r5000_b0p9995_g0p5_s2
c076,8426db3cb5,2004f9ddf9f2,5000,5995,0.9995,0.75,0,cnn2d_grid_c076_8426db3cb5_r5000_b0p9995_g0p75_s0
c076,8426db3cb5,2004f9ddf9f2,5000,5995,0.9995,0.75,1,cnn2d_grid_c076_8426db3cb5_r5000_b0p9995_g0p75_s1
c076,8426db3cb5,2004f9ddf9f2,5000,5995,0.9995,0.75,2,cnn2d_grid_c076_8426db3cb5_r5000_b0p9995_g0p75_s2
c077,d335bc3318,2004f9ddf9f2,5000,5995,0.9995,1.0,0,cnn2d_grid_c077_d335bc3318_r5000_b0p9995_g1_s0
c077,d335bc3318,2004f9ddf9f2,5000,5995,0.9995,1.0,1,cnn2d_grid_c077_d335bc3318_r5000_b0p9995_g1_s1
c077,d335bc3318,2004f9ddf9f2,5000,5995,0.9995,1.0,2,cnn2d_grid_c077_d335bc3318_r5000_b0p9995_g1_s2
c078,0489b0fcad,2004f9ddf9f2,5000,5995,0.9995,1.25,0,cnn2d_grid_c078_0489b0fcad_r5000_b0p9995_g1p25_s0
c078,0489b0fcad,2004f9ddf9f2,5000,5995,0.9995,1.25,1,cnn2d_grid_c078_0489b0fcad_r5000_b0p9995_g1p25_s1
c078,0489b0fcad,2004f9ddf9f2,5000,5995,0.9995,1.25,2,cnn2d_grid_c078_0489b0fcad_r5000_b0p9995_g1p25_s2
c079,8edd0bae4a,2004f9ddf9f2,5000,5995,0.9995,1.5,0,cnn2d_grid_c079_8edd0bae4a_r5000_b0p9995_g1p5_s0
c079,8edd0bae4a,2004f9ddf9f2,5000,5995,0.9995,1.5,1,cnn2d_grid_c079_8edd0bae4a_r5000_b0p9995_g1p5_s1
c079,8edd0bae4a,2004f9ddf9f2,5000,5995,0.9995,1.5,2,cnn2d_grid_c079_8edd0bae4a_r5000_b0p9995_g1p5_s2
c080,173b81c7ac,2004f9ddf9f2,5000,5995,0.9995,1.75,0,cnn2d_grid_c080_173b81c7ac_r5000_b0p9995_g1p75_s0
c080,173b81c7ac,2004f9ddf9f2,5000,5995,0.9995,1.75,1,cnn2d_grid_c080_173b81c7ac_r5000_b0p9995_g1p75_s1
c080,173b81c7ac,2004f9ddf9f2,5000,5995,0.9995,1.75,2,cnn2d_grid_c080_173b81c7ac_r5000_b0p9995_g1p75_s2
c081,f2013f34f6,2004f9ddf9f2,5000,5995,0.9995,2.0,0,cnn2d_grid_c081_f2013f34f6_r5000_b0p9995_g2_s0
c081,f2013f34f6,2004f9ddf9f2,5000,5995,0.9995,2.0,1,cnn2d_grid_c081_f2013f34f6_r5000_b0p9995_g2_s1
c081,f2013f34f6,2004f9ddf9f2,5000,5995,0.9995,2.0,2,cnn2d_grid_c081_f2013f34f6_r5000_b0p9995_g2_s2
c082,3f59396214,2004f9ddf9f2,5000,5995,0.9995,2.25,0,cnn2d_grid_c082_3f59396214_r5000_b0p9995_g2p25_s0
c082,3f59396214,2004f9ddf9f2,5000,5995,0.9995,2.25,1,cnn2d_grid_c082_3f59396214_r5000_b0p9995_g2p25_s1
c082,3f59396214,2004f9ddf9f2,5000,5995,0.9995,2.25,2,cnn2d_grid_c082_3f59396214_r5000_b0p9995_g2p25_s2
c083,75230b19a6,2004f9ddf9f2,5000,5995,0.9995,2.5,0,cnn2d_grid_c083_75230b19a6_r5000_b0p9995_g2p5_s0
c083,75230b19a6,2004f9ddf9f2,5000,5995,0.9995,2.5,1,cnn2d_grid_c083_75230b19a6_r5000_b0p9995_g2p5_s1
c083,75230b19a6,2004f9ddf9f2,5000,5995,0.9995,2.5,2,cnn2d_grid_c083_75230b19a6_r5000_b0p9995_g2p5_s2
c084,a9f198d232,2004f9ddf9f2,5000,5995,0.9995,3.0,0,cnn2d_grid_c084_a9f198d232_r5000_b0p9995_g3_s0
c084,a9f198d232,2004f9ddf9f2,5000,5995,0.9995,3.0,1,cnn2d_grid_c084_a9f198d232_r5000_b0p9995_g3_s1
c084,a9f198d232,2004f9ddf9f2,5000,5995,0.9995,3.0,2,cnn2d_grid_c084_a9f198d232_r5000_b0p9995_g3_s2
c085,8ec5f5fe88,2004f9ddf9f2,5000,5995,0.9999,0.0,0,cnn2d_grid_c085_8ec5f5fe88_r5000_b0p9999_g0_s0
c085,8ec5f5fe88,2004f9ddf9f2,5000,5995,0.9999,0.0,1,cnn2d_grid_c085_8ec5f5fe88_r5000_b0p9999_g0_s1
c085,8ec5f5fe88,2004f9ddf9f2,5000,5995,0.9999,0.0,2,cnn2d_grid_c085_8ec5f5fe88_r5000_b0p9999_g0_s2
c086,84b4706a6d,2004f9ddf9f2,5000,5995,0.9999,0.25,0,cnn2d_grid_c086_84b4706a6d_r5000_b0p9999_g0p25_s0
c086,84b4706a6d,2004f9ddf9f2,5000,5995,0.9999,0.25,1,cnn2d_grid_c086_84b4706a6d_r5000_b0p9999_g0p25_s1
c086,84b4706a6d,2004f9ddf9f2,5000,5995,0.9999,0.25,2,cnn2d_grid_c086_84b4706a6d_r5000_b0p9999_g0p25_s2
c087,ca63675ed6,2004f9ddf9f2,5000,5995,0.9999,0.5,0,cnn2d_grid_c087_ca63675ed6_r5000_b0p9999_g0p5_s0
c087,ca63675ed6,2004f9ddf9f2,5000,5995,0.9999,0.5,1,cnn2d_grid_c087_ca63675ed6_r5000_b0p9999_g0p5_s1
c087,ca63675ed6,2004f9ddf9f2,5000,5995,0.9999,0.5,2,cnn2d_grid_c087_ca63675ed6_r5000_b0p9999_g0p5_s2
c088,068e9968f8,2004f9ddf9f2,5000,5995,0.9999,0.75,0,cnn2d_grid_c088_068e9968f8_r5000_b0p9999_g0p75_s0
c088,068e9968f8,2004f9ddf9f2,5000,5995,0.9999,0.75,1,cnn2d_grid_c088_068e9968f8_r5000_b0p9999_g0p75_s1
c088,068e9968f8,2004f9ddf9f2,5000,5995,0.9999,0.75,2,cnn2d_grid_c088_068e9968f8_r5000_b0p9999_g0p75_s2
c089,c85f6102f5,2004f9ddf9f2,5000,5995,0.9999,1.0,0,cnn2d_grid_c089_c85f6102f5_r5000_b0p9999_g1_s0
c089,c85f6102f5,2004f9ddf9f2,5000,5995,0.9999,1.0,1,cnn2d_grid_c089_c85f6102f5_r5000_b0p9999_g1_s1
c089,c85f6102f5,2004f9ddf9f2,5000,5995,0.9999,1.0,2,cnn2d_grid_c089_c85f6102f5_r5000_b0p9999_g1_s2
c090,083f8d0465,2004f9ddf9f2,5000,5995,0.9999,1.25,0,cnn2d_grid_c090_083f8d0465_r5000_b0p9999_g1p25_s0
c090,083f8d0465,2004f9ddf9f2,5000,5995,0.9999,1.25,1,cnn2d_grid_c090_083f8d0465_r5000_b0p9999_g1p25_s1
c090,083f8d0465,2004f9ddf9f2,5000,5995,0.9999,1.25,2,cnn2d_grid_c090_083f8d0465_r5000_b0p9999_g1p25_s2
c091,d495d4938f,2004f9ddf9f2,5000,5995,0.9999,1.5,0,cnn2d_grid_c091_d495d4938f_r5000_b0p9999_g1p5_s0
c091,d495d4938f,2004f9ddf9f2,5000,5995,0.9999,1.5,1,cnn2d_grid_c091_d495d4938f_r5000_b0p9999_g1p5_s1
c091,d495d4938f,2004f9ddf9f2,5000,5995,0.9999,1.5,2,cnn2d_grid_c091_d495d4938f_r5000_b0p9999_g1p5_s2
c092,f0501af087,2004f9ddf9f2,5000,5995,0.9999,1.75,0,cnn2d_grid_c092_f0501af087_r5000_b0p9999_g1p75_s0
c092,f0501af087,2004f9ddf9f2,5000,5995,0.9999,1.75,1,cnn2d_grid_c092_f0501af087_r5000_b0p9999_g1p75_s1
c092,f0501af087,2004f9ddf9f2,5000,5995,0.9999,1.75,2,cnn2d_grid_c092_f0501af087_r5000_b0p9999_g1p75_s2
c093,da864b8390,2004f9ddf9f2,5000,5995,0.9999,2.0,0,cnn2d_grid_c093_da864b8390_r5000_b0p9999_g2_s0
c093,da864b8390,2004f9ddf9f2,5000,5995,0.9999,2.0,1,cnn2d_grid_c093_da864b8390_r5000_b0p9999_g2_s1
c093,da864b8390,2004f9ddf9f2,5000,5995,0.9999,2.0,2,cnn2d_grid_c093_da864b8390_r5000_b0p9999_g2_s2
c094,6a2880e474,2004f9ddf9f2,5000,5995,0.9999,2.25,0,cnn2d_grid_c094_6a2880e474_r5000_b0p9999_g2p25_s0
c094,6a2880e474,2004f9ddf9f2,5000,5995,0.9999,2.25,1,cnn2d_grid_c094_6a2880e474_r5000_b0p9999_g2p25_s1
c094,6a2880e474,2004f9ddf9f2,5000,5995,0.9999,2.25,2,cnn2d_grid_c094_6a2880e474_r5000_b0p9999_g2p25_s2
c095,872b8505e2,2004f9ddf9f2,5000,5995,0.9999,2.5,0,cnn2d_grid_c095_872b8505e2_r5000_b0p9999_g2p5_s0
c095,872b8505e2,2004f9ddf9f2,5000,5995,0.9999,2.5,1,cnn2d_grid_c095_872b8505e2_r5000_b0p9999_g2p5_s1
c095,872b8505e2,2004f9ddf9f2,5000,5995,0.9999,2.5,2,cnn2d_grid_c095_872b8505e2_r5000_b0p9999_g2p5_s2
c096,124d417598,2004f9ddf9f2,5000,5995,0.9999,3.0,0,cnn2d_grid_c096_124d417598_r5000_b0p9999_g3_s0
c096,124d417598,2004f9ddf9f2,5000,5995,0.9999,3.0,1,cnn2d_grid_c096_124d417598_r5000_b0p9999_g3_s1
c096,124d417598,2004f9ddf9f2,5000,5995,0.9999,3.0,2,cnn2d_grid_c096_124d417598_r5000_b0p9999_g3_s2
c097,fe76b2e935,2004f9ddf9f2,5000,5995,0.99999,0.0,0,cnn2d_grid_c097_fe76b2e935_r5000_b0p99999_g0_s0
c097,fe76b2e935,2004f9ddf9f2,5000,5995,0.99999,0.0,1,cnn2d_grid_c097_fe76b2e935_r5000_b0p99999_g0_s1
c097,fe76b2e935,2004f9ddf9f2,5000,5995,0.99999,0.0,2,cnn2d_grid_c097_fe76b2e935_r5000_b0p99999_g0_s2
c098,07b09d253f,2004f9ddf9f2,5000,5995,0.99999,0.25,0,cnn2d_grid_c098_07b09d253f_r5000_b0p99999_g0p25_s0
c098,07b09d253f,2004f9ddf9f2,5000,5995,0.99999,0.25,1,cnn2d_grid_c098_07b09d253f_r5000_b0p99999_g0p25_s1
c098,07b09d253f,2004f9ddf9f2,5000,5995,0.99999,0.25,2,cnn2d_grid_c098_07b09d253f_r5000_b0p99999_g0p25_s2
c099,52b357705f,2004f9ddf9f2,5000,5995,0.99999,0.5,0,cnn2d_grid_c099_52b357705f_r5000_b0p99999_g0p5_s0
c099,52b357705f,2004f9ddf9f2,5000,5995,0.99999,0.5,1,cnn2d_grid_c099_52b357705f_r5000_b0p99999_g0p5_s1
c099,52b357705f,2004f9ddf9f2,5000,5995,0.99999,0.5,2,cnn2d_grid_c099_52b357705f_r5000_b0p99999_g0p5_s2
c100,3a872f349a,2004f9ddf9f2,5000,5995,0.99999,0.75,0,cnn2d_grid_c100_3a872f349a_r5000_b0p99999_g0p75_s0
c100,3a872f349a,2004f9ddf9f2,5000,5995,0.99999,0.75,1,cnn2d_grid_c100_3a872f349a_r5000_b0p99999_g0p75_s1
c100,3a872f349a,2004f9ddf9f2,5000,5995,0.99999,0.75,2,cnn2d_grid_c100_3a872f349a_r5000_b0p99999_g0p75_s2
c101,030da919c7,2004f9ddf9f2,5000,5995,0.99999,1.0,0,cnn2d_grid_c101_030da919c7_r5000_b0p99999_g1_s0
c101,030da919c7,2004f9ddf9f2,5000,5995,0.99999,1.0,1,cnn2d_grid_c101_030da919c7_r5000_b0p99999_g1_s1
c101,030da919c7,2004f9ddf9f2,5000,5995,0.99999,1.0,2,cnn2d_grid_c101_030da919c7_r5000_b0p99999_g1_s2
c102,ce55c5b2d4,2004f9ddf9f2,5000,5995,0.99999,1.25,0,cnn2d_grid_c102_ce55c5b2d4_r5000_b0p99999_g1p25_s0
c102,ce55c5b2d4,2004f9ddf9f2,5000,5995,0.99999,1.25,1,cnn2d_grid_c102_ce55c5b2d4_r5000_b0p99999_g1p25_s1
c102,ce55c5b2d4,2004f9ddf9f2,5000,5995,0.99999,1.25,2,cnn2d_grid_c102_ce55c5b2d4_r5000_b0p99999_g1p25_s2
c103,7175e4674d,2004f9ddf9f2,5000,5995,0.99999,1.5,0,cnn2d_grid_c103_7175e4674d_r5000_b0p99999_g1p5_s0
c103,7175e4674d,2004f9ddf9f2,5000,5995,0.99999,1.5,1,cnn2d_grid_c103_7175e4674d_r5000_b0p99999_g1p5_s1
c103,7175e4674d,2004f9ddf9f2,5000,5995,0.99999,1.5,2,cnn2d_grid_c103_7175e4674d_r5000_b0p99999_g1p5_s2
c104,847c163550,2004f9ddf9f2,5000,5995,0.99999,1.75,0,cnn2d_grid_c104_847c163550_r5000_b0p99999_g1p75_s0
c104,847c163550,2004f9ddf9f2,5000,5995,0.99999,1.75,1,cnn2d_grid_c104_847c163550_r5000_b0p99999_g1p75_s1
c104,847c163550,2004f9ddf9f2,5000,5995,0.99999,1.75,2,cnn2d_grid_c104_847c163550_r5000_b0p99999_g1p75_s2
c105,2cd0ced594,2004f9ddf9f2,5000,5995,0.99999,2.0,0,cnn2d_grid_c105_2cd0ced594_r5000_b0p99999_g2_s0
c105,2cd0ced594,2004f9ddf9f2,5000,5995,0.99999,2.0,1,cnn2d_grid_c105_2cd0ced594_r5000_b0p99999_g2_s1
c105,2cd0ced594,2004f9ddf9f2,5000,5995,0.99999,2.0,2,cnn2d_grid_c105_2cd0ced594_r5000_b0p99999_g2_s2
c106,34494d9837,2004f9ddf9f2,5000,5995,0.99999,2.25,0,cnn2d_grid_c106_34494d9837_r5000_b0p99999_g2p25_s0
c106,34494d9837,2004f9ddf9f2,5000,5995,0.99999,2.25,1,cnn2d_grid_c106_34494d9837_r5000_b0p99999_g2p25_s1
c106,34494d9837,2004f9ddf9f2,5000,5995,0.99999,2.25,2,cnn2d_grid_c106_34494d9837_r5000_b0p99999_g2p25_s2
c107,22e81f5939,2004f9ddf9f2,5000,5995,0.99999,2.5,0,cnn2d_grid_c107_22e81f5939_r5000_b0p99999_g2p5_s0
c107,22e81f5939,2004f9ddf9f2,5000,5995,0.99999,2.5,1,cnn2d_grid_c107_22e81f5939_r5000_b0p99999_g2p5_s1
c107,22e81f5939,2004f9ddf9f2,5000,5995,0.99999,2.5,2,cnn2d_grid_c107_22e81f5939_r5000_b0p99999_g2p5_s2
c108,c0efc404db,2004f9ddf9f2,5000,5995,0.99999,3.0,0,cnn2d_grid_c108_c0efc404db_r5000_b0p99999_g3_s0
c108,c0efc404db,2004f9ddf9f2,5000,5995,0.99999,3.0,1,cnn2d_grid_c108_c0efc404db_r5000_b0p99999_g3_s1
c108,c0efc404db,2004f9ddf9f2,5000,5995,0.99999,3.0,2,cnn2d_grid_c108_c0efc404db_r5000_b0p99999_g3_s2
