architecture,model,base_training,scaled_configuration,scaled_configuration_label,r2l_score_coefficient,u2r_score_coefficient,validation_rare_f1_mean,validation_rare_f1_std,validation_macro_f1_mean,validation_macro_f1_std,diagnostic_eligible_mean,diagnostic_eligible_all_seeds,oof_latest_pointer
conv2d,Conv2D,baseline,scaling_only_tuned,Scaling only (own tuning),1.15,0.7,0.7078374226187784,0.0157983812003615,0.88037230146708,0.0063558082377606255,True,True,/home/gvadzabd/cnn/results/conv2d_baseline_cv_latest.json
conv2d,Conv2D,focal_only,focal_scaling_tuned,Focal + scaling (own tuning),1.0,1.9,0.7061058402350598,0.014277747808575892,0.8796387775122557,0.005706750013969022,True,True,/home/gvadzabd/cnn/results/conv2d_focal_stage1_latest.json
conv2d,Conv2D,batch_only,batch_scaling_tuned,Batching + scaling (own tuning),1.0,10.0,0.7231746467928334,0.005152944013556968,0.8865300353097267,0.0020593509389459723,True,True,/home/gvadzabd/cnn/results/conv2d_batch_baseline_cv_latest.json
conv2d,Conv2D,focal_batch,full_retuned,Focal + batching + scaling (own tuning),1.15,8.0,0.6937505760137,0.022885483818210386,0.8747135048824779,0.009122374291521757,True,True,/home/gvadzabd/cnn/results/conv2d_balanced_score_scaling_latest.json
conv1d,Conv1D,baseline,scaling_only_tuned,Scaling only (own tuning),0.85,0.4,0.7223086824931514,0.00914204021296207,0.8859724632041353,0.003721692454952574,True,True,/home/gvadzabd/cnn/results/conv1d_baseline_cv_latest.json
conv1d,Conv1D,focal_only,focal_scaling_tuned,Focal + scaling (own tuning),0.7,1.0,0.7377540625831621,0.01884831539196749,0.8921874049203035,0.007365029713554923,True,True,/home/gvadzabd/cnn/results/conv1d_focal_stage1_latest.json
conv1d,Conv1D,batch_only,batch_scaling_tuned,Batching + scaling (own tuning),1.0,1.75,0.7235788695693853,0.030050670798121133,0.8864833000796358,0.01206024035747976,True,True,/home/gvadzabd/cnn/results/conv1d_batch_baseline_cv_latest.json
conv1d,Conv1D,focal_batch,full_retuned,Focal + batching + scaling (own tuning),1.3,8.0,0.7111882910005344,0.037345365944458635,0.8816780100006212,0.01512053900664958,True,True,/home/gvadzabd/cnn/results/conv1d_balanced_score_scaling_latest.json
transformer,Transformer,baseline,scaling_only_tuned,Scaling only (own tuning),0.85,0.25,0.6438221929734749,0.02042972375550886,0.852385713256257,0.007519247346451558,True,True,/home/gvadzabd/cnn/results/transformer_baseline_cv_latest.json
transformer,Transformer,focal_only,focal_scaling_tuned,Focal + scaling (own tuning),0.55,1.9,0.6601852192958448,0.027613311560834478,0.8591604924641759,0.011022549290390043,True,True,/home/gvadzabd/cnn/results/transformer_focal_stage1_latest.json
transformer,Transformer,batch_only,batch_scaling_tuned,Batching + scaling (own tuning),1.3,6.0,0.7028040618694643,0.011067409453669607,0.8770274437041108,0.0043979800198486975,True,True,/home/gvadzabd/cnn/results/transformer_batch_baseline_cv_latest.json
transformer,Transformer,focal_batch,full_retuned,Focal + batching + scaling (own tuning),1.0,10.0,0.715631264630732,0.012168780629473196,0.8818551911666733,0.00492542085752846,True,True,/home/gvadzabd/cnn/results/transformer_balanced_score_scaling_latest.json
mlp,MLP,baseline,scaling_only_tuned,Scaling only (own tuning),1.3,0.25,0.7477306529059219,0.023858138867022264,0.8965975259609497,0.009544599429195126,True,True,/home/gvadzabd/cnn/results/mlp_baseline_cv_latest.json
mlp,MLP,focal_only,focal_scaling_tuned,Focal + scaling (own tuning),1.0,0.85,0.7368576040367977,0.008911025736137725,0.8922267422736391,0.003572807595725201,True,True,/home/gvadzabd/cnn/results/mlp_focal_stage1_latest.json
mlp,MLP,batch_only,batch_scaling_tuned,Batching + scaling (own tuning),1.3,7.0,0.7268713839995584,0.013139135315231577,0.8882120159715955,0.00544356747726074,True,True,/home/gvadzabd/cnn/results/mlp_batch_baseline_cv_latest.json
mlp,MLP,focal_batch,full_retuned,Focal + batching + scaling (own tuning),1.45,4.5,0.7164163866227389,0.005541715996777983,0.8841491949534453,0.002341497450180837,True,True,/home/gvadzabd/cnn/results/mlp_balanced_score_scaling_latest.json
