path,bytes,sha256,kind,details
.pycache/Library/Developer/CommandLineTools/Library/Frameworks/Python3.framework/Versions/3.9/lib/python3.9/_bootlocale.cpython-39.pyc,1306,1014697aa7f1d70d916e8e3e754d916b5e907e65161075d5c4b2a993ccbfd5d5,.pyc,bytecode header only; magic=610d0d0a; flags=0; not executed
.pycache/Library/Developer/CommandLineTools/Library/Frameworks/Python3.framework/Versions/3.9/lib/python3.9/_collections_abc.cpython-39.pyc,31816,911a49fd7bb8c82ff3870efd9d183b83e24ffc502462ad165f41fe9122c95657,.pyc,bytecode header only; magic=610d0d0a; flags=0; not executed
.pycache/Library/Developer/CommandLineTools/Library/Frameworks/Python3.framework/Versions/3.9/lib/python3.9/_sitebuiltins.cpython-39.pyc,3580,00e75dc85d6406844db4f4070dcb0b010c631c565b03a3dc124ccf931feced5f,.pyc,bytecode header only; magic=610d0d0a; flags=0; not executed
.pycache/Library/Developer/CommandLineTools/Library/Frameworks/Python3.framework/Versions/3.9/lib/python3.9/_weakrefset.cpython-39.pyc,7752,0d1b1bfe9727c27348bd3a00c7a61cf38209038cfaefc2c7ab1fd9b605696c8d,.pyc,bytecode header only; magic=610d0d0a; flags=0; not executed
.pycache/Library/Developer/CommandLineTools/Library/Frameworks/Python3.framework/Versions/3.9/lib/python3.9/abc.cpython-39.pyc,5854,efc40e5cada647e9a116d62fdaa6028b69cefd8de1028a40b5ac6ce5d33e6539,.pyc,bytecode header only; magic=610d0d0a; flags=0; not executed
.pycache/Library/Developer/CommandLineTools/Library/Frameworks/Python3.framework/Versions/3.9/lib/python3.9/codecs.cpython-39.pyc,33967,bef139fa82b4e0e7944bcefdafe66b4c5c468db32dc42d3a8893039f12f78ad9,.pyc,bytecode header only; magic=610d0d0a; flags=0; not executed
.pycache/Library/Developer/CommandLineTools/Library/Frameworks/Python3.framework/Versions/3.9/lib/python3.9/collections/__init__.cpython-39.pyc,48180,502b2d52cc828484f3da4f3cc24a8b17e807240c54e8d1ced3205034b0df6c13,.pyc,bytecode header only; magic=610d0d0a; flags=0; not executed
.pycache/Library/Developer/CommandLineTools/Library/Frameworks/Python3.framework/Versions/3.9/lib/python3.9/collections/abc.cpython-39.pyc,383,26d6cbf4ae35380f2e94e827d6faa7e4483e578ed76f57c28f874687bf2cbb8e,.pyc,bytecode header only; magic=610d0d0a; flags=0; not executed
.pycache/Library/Developer/CommandLineTools/Library/Frameworks/Python3.framework/Versions/3.9/lib/python3.9/contextlib.cpython-39.pyc,19567,2ae02d9da99c141b8b8b6dfe8d44dbe6589b229e0861a674c60c395658b84ab6,.pyc,bytecode header only; magic=610d0d0a; flags=0; not executed
.pycache/Library/Developer/CommandLineTools/Library/Frameworks/Python3.framework/Versions/3.9/lib/python3.9/copyreg.cpython-39.pyc,4509,905d89b74d303bb738b16cee917bc1e08d42a6f4dc3551e9ef17e7407ad80896,.pyc,bytecode header only; magic=610d0d0a; flags=0; not executed
.pycache/Library/Developer/CommandLineTools/Library/Frameworks/Python3.framework/Versions/3.9/lib/python3.9/encodings/__init__.cpython-39.pyc,4004,571e3662c72b38e37d6698a73ce0e00e5098f7e59606b7429c0d8dc5746edba1,.pyc,bytecode header only; magic=610d0d0a; flags=0; not executed
.pycache/Library/Developer/CommandLineTools/Library/Frameworks/Python3.framework/Versions/3.9/lib/python3.9/encodings/aliases.cpython-39.pyc,6409,f32346e6b770dbf85e77161999cc5d95a03f250f0b70038d67ea5f7981236cee,.pyc,bytecode header only; magic=610d0d0a; flags=0; not executed
.pycache/Library/Developer/CommandLineTools/Library/Frameworks/Python3.framework/Versions/3.9/lib/python3.9/encodings/cp437.cpython-39.pyc,7927,de6fa63af096af190eb8200f045515301f81eab55de3d3404ef6fb415b3ad5d7,.pyc,bytecode header only; magic=610d0d0a; flags=0; not executed
.pycache/Library/Developer/CommandLineTools/Library/Frameworks/Python3.framework/Versions/3.9/lib/python3.9/encodings/latin_1.cpython-39.pyc,1974,e779e993b652fe8977d795a57015f9e25d571b6e40bf508c1231c64d479b1d08,.pyc,bytecode header only; magic=610d0d0a; flags=0; not executed
.pycache/Library/Developer/CommandLineTools/Library/Frameworks/Python3.framework/Versions/3.9/lib/python3.9/encodings/utf_8.cpython-39.pyc,1711,d7d70299f1ce7a08838b60930c0f86e415cb51cfef476a55ab713a33c9a05d90,.pyc,bytecode header only; magic=610d0d0a; flags=0; not executed
.pycache/Library/Developer/CommandLineTools/Library/Frameworks/Python3.framework/Versions/3.9/lib/python3.9/enum.cpython-39.pyc,26099,3fdb92c6da43ae1192dc61919cbd87dceedfd976012c1099a1f9d2a5516efec8,.pyc,bytecode header only; magic=610d0d0a; flags=0; not executed
.pycache/Library/Developer/CommandLineTools/Library/Frameworks/Python3.framework/Versions/3.9/lib/python3.9/functools.cpython-39.pyc,28261,7fc80a6941aacadefe5d58518352dd64bf2cc9cd559e155dc03cf3ef7cc4f21f,.pyc,bytecode header only; magic=610d0d0a; flags=0; not executed
.pycache/Library/Developer/CommandLineTools/Library/Frameworks/Python3.framework/Versions/3.9/lib/python3.9/genericpath.cpython-39.pyc,4103,5a3991cf121b8d63ee87fe44d16b976b6434894fe1b3ae22091df4e9f2368acc,.pyc,bytecode header only; magic=610d0d0a; flags=0; not executed
.pycache/Library/Developer/CommandLineTools/Library/Frameworks/Python3.framework/Versions/3.9/lib/python3.9/heapq.cpython-39.pyc,14119,5ef646065822c96ebd36888ded8395f66c135e1f1f42c8a3a3a8ab02dbeedf45,.pyc,bytecode header only; magic=610d0d0a; flags=0; not executed
.pycache/Library/Developer/CommandLineTools/Library/Frameworks/Python3.framework/Versions/3.9/lib/python3.9/importlib/__init__.cpython-39.pyc,3912,017838cb17aedb39012d124537cb1ae641aaf38002ac7d78b7330efd879f7e11,.pyc,bytecode header only; magic=610d0d0a; flags=0; not executed
.pycache/Library/Developer/CommandLineTools/Library/Frameworks/Python3.framework/Versions/3.9/lib/python3.9/importlib/abc.cpython-39.pyc,16896,e03d0a1d7742b9f217ca0c12d62fa561394d35f48cb6e4dbace50c87b5e6e0d2,.pyc,bytecode header only; magic=610d0d0a; flags=0; not executed
.pycache/Library/Developer/CommandLineTools/Library/Frameworks/Python3.framework/Versions/3.9/lib/python3.9/importlib/machinery.cpython-39.pyc,1043,553f7a1b5b0288fdf599d7a839aaffa9a3aac39bb9eb947ea96c19cc508dae3a,.pyc,bytecode header only; magic=610d0d0a; flags=0; not executed
.pycache/Library/Developer/CommandLineTools/Library/Frameworks/Python3.framework/Versions/3.9/lib/python3.9/importlib/util.cpython-39.pyc,9401,cc3f430eaacb37cd9e7339f2eb2dd39a4f16c92b988aee348f086469a01a5a02,.pyc,bytecode header only; magic=610d0d0a; flags=0; not executed
.pycache/Library/Developer/CommandLineTools/Library/Frameworks/Python3.framework/Versions/3.9/lib/python3.9/io.cpython-39.pyc,3487,b38024e4d29c4e569e3946828b318080e6f17cde19577a5eb1c1d566d5a03704,.pyc,bytecode header only; magic=610d0d0a; flags=0; not executed
.pycache/Library/Developer/CommandLineTools/Library/Frameworks/Python3.framework/Versions/3.9/lib/python3.9/keyword.cpython-39.pyc,995,8bfc8035560e336c6ed9d059208655d7b8c3b12fb638902a21433b4a8fe3356d,.pyc,bytecode header only; magic=610d0d0a; flags=0; not executed
.pycache/Library/Developer/CommandLineTools/Library/Frameworks/Python3.framework/Versions/3.9/lib/python3.9/linecache.cpython-39.pyc,4367,e148776d15b322327cc410b05e8b7dc1e58787ca6eb8d116360abe124ae82b38,.pyc,bytecode header only; magic=610d0d0a; flags=0; not executed
.pycache/Library/Developer/CommandLineTools/Library/Frameworks/Python3.framework/Versions/3.9/lib/python3.9/operator.cpython-39.pyc,13827,dd23b75b33ef64d4e204ba0bcb70c88b2b9242e72386dbb6bb12ab07dbd29d93,.pyc,bytecode header only; magic=610d0d0a; flags=0; not executed
.pycache/Library/Developer/CommandLineTools/Library/Frameworks/Python3.framework/Versions/3.9/lib/python3.9/os.cpython-39.pyc,32076,fd227d42969a675347ce80724d5b17760acdaa7c88f4096c80c261fe1524fbfb,.pyc,bytecode header only; magic=610d0d0a; flags=0; not executed
.pycache/Library/Developer/CommandLineTools/Library/Frameworks/Python3.framework/Versions/3.9/lib/python3.9/pkgutil.cpython-39.pyc,18645,bfab91e44d5c116f9ef5d519017e398b67704f955c967a9cad967deac3b3ec5d,.pyc,bytecode header only; magic=610d0d0a; flags=0; not executed
.pycache/Library/Developer/CommandLineTools/Library/Frameworks/Python3.framework/Versions/3.9/lib/python3.9/posixpath.cpython-39.pyc,10408,c606f6f5dcaf01746fa7811b37bef5202496524a18d4b17875ddd9ea5e3b8f01,.pyc,bytecode header only; magic=610d0d0a; flags=0; not executed
.pycache/Library/Developer/CommandLineTools/Library/Frameworks/Python3.framework/Versions/3.9/lib/python3.9/py_compile.cpython-39.pyc,7443,43a91b80c4ba34a80425ecfffbf96e56f935d4d5150a16ebbe0d61f668d60acc,.pyc,bytecode header only; magic=610d0d0a; flags=0; not executed
.pycache/Library/Developer/CommandLineTools/Library/Frameworks/Python3.framework/Versions/3.9/lib/python3.9/re.cpython-39.pyc,14441,f5100771248c09de03e580ae90b61ce199e1b51453388c8d7e7e72e60c45483f,.pyc,bytecode header only; magic=610d0d0a; flags=0; not executed
.pycache/Library/Developer/CommandLineTools/Library/Frameworks/Python3.framework/Versions/3.9/lib/python3.9/reprlib.cpython-39.pyc,5386,d462afc020a547ea752f7d61d7ee0032b8a9b17a6e2aae155248f1d3392af152,.pyc,bytecode header only; magic=610d0d0a; flags=0; not executed
.pycache/Library/Developer/CommandLineTools/Library/Frameworks/Python3.framework/Versions/3.9/lib/python3.9/runpy.cpython-39.pyc,8588,d16a1dbac10463dbb8ecfacf118a54b0f8b86094904a7f27488200b339b1dbe3,.pyc,bytecode header only; magic=610d0d0a; flags=0; not executed
.pycache/Library/Developer/CommandLineTools/Library/Frameworks/Python3.framework/Versions/3.9/lib/python3.9/site.cpython-39.pyc,17473,9ead7b37c967df002b24cbe2eda927c29caad43b06a694326c5fb44747f92dde,.pyc,bytecode header only; magic=610d0d0a; flags=0; not executed
.pycache/Library/Developer/CommandLineTools/Library/Frameworks/Python3.framework/Versions/3.9/lib/python3.9/sre_compile.cpython-39.pyc,15132,ce9d9c4627b7093709c099a3d78da5ed74487c23d2025f02dec93b9d1f53cde3,.pyc,bytecode header only; magic=610d0d0a; flags=0; not executed
.pycache/Library/Developer/CommandLineTools/Library/Frameworks/Python3.framework/Versions/3.9/lib/python3.9/sre_constants.cpython-39.pyc,6396,23aece1dd33bb90af0f127e8eaccc89cf98ef1412941e3db3a2c6c97f4f1ec9f,.pyc,bytecode header only; magic=610d0d0a; flags=0; not executed
.pycache/Library/Developer/CommandLineTools/Library/Frameworks/Python3.framework/Versions/3.9/lib/python3.9/sre_parse.cpython-39.pyc,21682,abb2509d42be26773f51b0181fd64d243efc1291141357d2fcb7ea0b74e0d400,.pyc,bytecode header only; magic=610d0d0a; flags=0; not executed
.pycache/Library/Developer/CommandLineTools/Library/Frameworks/Python3.framework/Versions/3.9/lib/python3.9/stat.cpython-39.pyc,4451,e91b2a12d4f1da3e66ec092fe92d3a549bdf24f09c434bd7fd06c620020fe0a4,.pyc,bytecode header only; magic=610d0d0a; flags=0; not executed
.pycache/Library/Developer/CommandLineTools/Library/Frameworks/Python3.framework/Versions/3.9/lib/python3.9/token.cpython-39.pyc,2575,713422b1d88001667aea8f9f43e8229ae435d431422ece07ded7885793e3ed27,.pyc,bytecode header only; magic=610d0d0a; flags=0; not executed
.pycache/Library/Developer/CommandLineTools/Library/Frameworks/Python3.framework/Versions/3.9/lib/python3.9/tokenize.cpython-39.pyc,17216,5f4563a1664972acded32f880a5fddbc8ad7d196395904f0dd89251970968b1c,.pyc,bytecode header only; magic=610d0d0a; flags=0; not executed
.pycache/Library/Developer/CommandLineTools/Library/Frameworks/Python3.framework/Versions/3.9/lib/python3.9/traceback.cpython-39.pyc,20282,875d3f8e6f6d06b663927269c21fedd6466fca341bfabbc263945f49e0f24b5a,.pyc,bytecode header only; magic=610d0d0a; flags=0; not executed
.pycache/Library/Developer/CommandLineTools/Library/Frameworks/Python3.framework/Versions/3.9/lib/python3.9/types.cpython-39.pyc,9300,e65a441d6339e970081ab382f1272b5feaac56233e6329e9a9173e05edca51e9,.pyc,bytecode header only; magic=610d0d0a; flags=0; not executed
.pycache/Library/Developer/CommandLineTools/Library/Frameworks/Python3.framework/Versions/3.9/lib/python3.9/typing.cpython-39.pyc,71417,83675467aa3a903767059c242ac1b497cf71b5f83e299cbcd40135738ee7080a,.pyc,bytecode header only; magic=610d0d0a; flags=0; not executed
.pycache/Library/Developer/CommandLineTools/Library/Frameworks/Python3.framework/Versions/3.9/lib/python3.9/warnings.cpython-39.pyc,13684,bd3b2f4cd8a39e5d5133aee52f3a7cd04f8f32b44f8e6538e22dc543d91d4d5c,.pyc,bytecode header only; magic=610d0d0a; flags=0; not executed
.pycache/Library/Developer/CommandLineTools/Library/Frameworks/Python3.framework/Versions/3.9/lib/python3.9/weakref.cpython-39.pyc,20237,0a89c18516fd527bc0f2b1ab54e382544da8e349260529d5b8b0eb269dec4d13,.pyc,bytecode header only; magic=610d0d0a; flags=0; not executed
.pycache/Users/datun/Documents/C++/cnn/src/cnn_baseline_no_ctgan.cpython-39.pyc,12474,80323ee209020791e28975737e06b8c27cebcb782b032bc0f742a0ce6eaf8b96,.pyc,bytecode header only; magic=610d0d0a; flags=0; not executed
.pycache/Users/datun/Documents/C++/cnn/src/cnn_fin.cpython-39.pyc,13140,c6f4ef95c4636b1c79ae9cc8bea3ac23d4bd8e7f9a0720f211fd83ca08f92115,.pyc,bytecode header only; magic=610d0d0a; flags=0; not executed
.pycache/Users/datun/Documents/C++/cnn/src/cnn_focal.cpython-39.pyc,15985,6f16a29ded3cf348534dc658a4f5fd33fe21c4b4e0d4c8db155a0162c3eb6fab,.pyc,bytecode header only; magic=610d0d0a; flags=0; not executed
.pycache/Users/datun/Documents/C++/cnn/src/cnn_gan_foc.cpython-39.pyc,21073,4a28ca631346aaa6f86dcd25fcd50fa648f05d40c331540c18809b2ad6c08ab6,.pyc,bytecode header only; magic=610d0d0a; flags=0; not executed
.pycache/Users/datun/Documents/C++/cnn/src/cnn_opt.cpython-39.pyc,15402,ca362428a35d9e013129720a97444c3854e9dcd07224ef9748dd0669d0e23862,.pyc,bytecode header only; magic=610d0d0a; flags=0; not executed
.pycache/Users/datun/Documents/C++/cnn/src/summarize_trials.cpython-39.pyc,8933,247ec71ff45b1b23f42de61da066a2bd157bcd74e2c470228f0e47fa4b22db4e,.pyc,bytecode header only; magic=610d0d0a; flags=0; not executed
.vscode/extensions.json,29,352f8fd7ae2894573e3203df25fe0f79d77ef4b72d5f069fce6c0f05c6accf01,.json,text read; 3 lines
README.md,3000,f55b4c3f07dc65e999425e5a4c0b85ab362a99787db0cd43fbfd3f589527abfd,.md,text read; 57 lines
data/KDDTest+.txt,3441513,fa46b0935342616aa83b7c2578db355b6a7aaabbc492248172c7a1e8b7ab8f84,.txt,text read; 22544 lines
data/KDDTrain+.txt,19109424,1b86d2f957b33082081bba410fe129b475efebcc13c9014c3f447c8271aadf95,.txt,text read; 125973 lines
data/synth_labels.csv,656452,0ad75fbf1712db691dd91dce3757ec41a862782a95da4ec14511200a8dbae2d1,.csv,all CSV rows read; 35134 data rows; 2 columns
data/test_labels.csv,281978,8ec9c27230cb41762570e42299a623a033d6e331f9435fd94f0a437269b76a7c,.csv,all CSV rows read; 22544 data rows; 2 columns
data/train_labels.csv,1652528,2f2c2782520eb6268c96b957ea4d6e9e090786d7956e3b619637ebcea372f23b,.csv,all CSV rows read; 125973 data rows; 2 columns
dependencies_utilized.txt,20172,fd7762cf2e858ed38754991baaa0bd75037e8632350d879ff79667bffea1611f,.txt,text read; 534 lines
figures/GAN_Figure.png,140555,c4003b915d51f312743c4bf0e22a03ab36ef4486de3ef7b5e16e43581cb1635f,.png,PNG CRC PASS; 2944x1725; depth=8; color=6; interlace=0
figures/OHE_Figure.png,177672,736975b8c7470ef3cc12cfcad640a31835d6a6d9d4dc399ed91ac800d9247b10,.png,PNG CRC PASS; 4018x1106; depth=8; color=6; interlace=0
figures/Revised_Proposed_Model.png,155494,dd1ac4b9141d9c74182704ba4a6cb30c32c172f5a7ce883a92a17ccb9a7157b3,.png,PNG CRC PASS; 2963x1183; depth=8; color=6; interlace=0
figures/Tab-Image-Figure.png,425622,947cbeed83365eab4a1034f3005ba236aaac87589c8e4bff4017d1a8ff3f66e7,.png,PNG CRC PASS; 6900x2179; depth=8; color=6; interlace=0
figures/balance-figure.png,523139,bc8f0f6bb50f0373790d083757759803ba5418f4ad589c03e39d58b4a7cf6040,.png,PNG CRC PASS; 4317x3703; depth=8; color=6; interlace=0
figures/cnn_model-revised.png,86281,58d55ed9c1b5256cd04eb3fdd2d5a66fee6166ac5f2a5cb098b8275e7107516e,.png,PNG CRC PASS; 2078x406; depth=8; color=6; interlace=0
images/synth/synth_0.png,1731,e533c2f1280e2ba015d21e3542e18e793ca1db0fea237ca0bc648b8c83895833,.png,PNG CRC PASS; 369x369; depth=8; color=6; interlace=0
images/synth/synth_1.png,1825,33e94da8efbd6e7c10d5eaacbc0763db8a782bc9ae88eebc9214feb9348a0f5a,.png,PNG CRC PASS; 369x369; depth=8; color=6; interlace=0
images/synth/synth_10.png,1814,df6c816f035e5521cc01aabb2c32a513204c14a65eb683794b32296a1daa570e,.png,PNG CRC PASS; 369x369; depth=8; color=6; interlace=0
images/synth/synth_11.png,1860,75d69e062828db69fb2913846806071f2eea375312def2940cd284fca07f14cf,.png,PNG CRC PASS; 369x369; depth=8; color=6; interlace=0
images/synth/synth_12.png,1819,76e16e5cd342ba1fc4bf18c988f3964f214e2b385a0bdeb14223f2ddb8d7c5a2,.png,PNG CRC PASS; 369x369; depth=8; color=6; interlace=0
images/synth/synth_13.png,1731,bcfe3422d1ad851b03cd032d136107bae4513df752e3093ff6e5bb7b128b617a,.png,PNG CRC PASS; 369x369; depth=8; color=6; interlace=0
images/synth/synth_14.png,1731,9987811e49cab998e9a31586f743e52f5986b662d15ed00d744b1ea42730e812,.png,PNG CRC PASS; 369x369; depth=8; color=6; interlace=0
images/synth/synth_15.png,1724,7b8e390b72a1cbf78fc4c21758849fbefe2b4b945edec89a3007ecb3d6f8bf8e,.png,PNG CRC PASS; 369x369; depth=8; color=6; interlace=0
images/synth/synth_16.png,1748,133bd540dbd3dfb33340fd71e86a7fd3131873f084368c826a5b850ecc3993b7,.png,PNG CRC PASS; 369x369; depth=8; color=6; interlace=0
images/synth/synth_17.png,1822,25200be236e5f835baccefd70d4505918dd82d95dabc11dd3d71cacf3db3e98c,.png,PNG CRC PASS; 369x369; depth=8; color=6; interlace=0
images/synth/synth_18.png,1785,0c3c3639619f7806072f0253e5afa3e771dfa44c0e449db54a112de84472fdb7,.png,PNG CRC PASS; 369x369; depth=8; color=6; interlace=0
images/synth/synth_19.png,1748,7ae0690152439b098ce86e08a8b8498dc9cd9e1dcd998e3382d0f8d90ebc3f69,.png,PNG CRC PASS; 369x369; depth=8; color=6; interlace=0
images/synth/synth_2.png,1685,391a32442595860c3f46f9cb287bdaab5df4103735113cbd0b5f25461855219d,.png,PNG CRC PASS; 369x369; depth=8; color=6; interlace=0
images/synth/synth_20.png,1762,bd1a7be7b4b621ae512000a9f18f0a0ffdaf23c98056a084f9cb4305db332262,.png,PNG CRC PASS; 369x369; depth=8; color=6; interlace=0
images/synth/synth_3.png,1727,7e49e6f5df5f85f9db17a89be0d033fd11c464bfc7043bb5ce499ccc53ae97a9,.png,PNG CRC PASS; 369x369; depth=8; color=6; interlace=0
images/synth/synth_4.png,1728,25dccbff2961eab299f8bba040860461a21bc5a35056c2666b5e8bf05a478687,.png,PNG CRC PASS; 369x369; depth=8; color=6; interlace=0
images/synth/synth_5.png,1748,ee16ad16fcc531cabfba324ec373cd1808287c60d7dbd8506d33581a3cd3af9f,.png,PNG CRC PASS; 369x369; depth=8; color=6; interlace=0
images/synth/synth_6.png,1729,81e7432944670f0bf28e1278c26a097ddda58322919245ae05bb1b43e5da3163,.png,PNG CRC PASS; 369x369; depth=8; color=6; interlace=0
images/synth/synth_7.png,1802,c1e96600775161b9e085fa8ec4639a167f1163054e862fb5846809d36ecba645,.png,PNG CRC PASS; 369x369; depth=8; color=6; interlace=0
images/synth/synth_8.png,1788,cae8c640199a668d7bc90bc78b96977e04dbcaceaf555d17dd6a98085ef47d0f,.png,PNG CRC PASS; 369x369; depth=8; color=6; interlace=0
images/synth/synth_9.png,1687,4917e379aa489cc55d04cbeee47bbb0746e6134f6ff0c104679ee23fb080fc94,.png,PNG CRC PASS; 369x369; depth=8; color=6; interlace=0
images/test/0.png,1603,d51592fcf578c22f1abfc40b5373216fe21c678d1423e7f50c9a2e4e2deb4ba4,.png,PNG CRC PASS; 369x369; depth=8; color=6; interlace=0
images/test/1.png,1604,db9ea847ee21d9da3c6add021a4f36151ec94d9c5ab8fd3be0740c94b18885de,.png,PNG CRC PASS; 369x369; depth=8; color=6; interlace=0
images/test/10.png,1581,61018b48eb6cbd76251bdb28159c8aa4724a37ea80016477aaed397be65a63cd,.png,PNG CRC PASS; 369x369; depth=8; color=6; interlace=0
images/test/11.png,1599,639392b706e77b8b61e40b36ec9da667e7f60cadf41da5e329ae4c01fc2aeee0,.png,PNG CRC PASS; 369x369; depth=8; color=6; interlace=0
images/test/12.png,1609,2fa73f8cf7a8abbf956b64a50e4d9287e83120d9bc318cf287691845e1bcabb4,.png,PNG CRC PASS; 369x369; depth=8; color=6; interlace=0
images/test/13.png,1618,fb8e474c266a6ca3cacbf2b85ac100caec180d03e6851c87688767fdb98e918d,.png,PNG CRC PASS; 369x369; depth=8; color=6; interlace=0
images/test/14.png,1625,043001fee2f7f07c2e0b2ece43a8514de3a6c24f4a91a0847ed197a40303fa7b,.png,PNG CRC PASS; 369x369; depth=8; color=6; interlace=0
images/test/15.png,1593,cafceb85a989a9e808d0fa74eba14a013bcdb37d5ecd3fb17881e60f45e2b63b,.png,PNG CRC PASS; 369x369; depth=8; color=6; interlace=0
images/test/16.png,1567,684f4557f70354134c2979dd8627f9794be45875746ed95c04438514454277d8,.png,PNG CRC PASS; 369x369; depth=8; color=6; interlace=0
images/test/17.png,1596,1f9a96ec364a3fa6dcb546c519fd3c099f1393e4bfe492d377e324b41cd4052b,.png,PNG CRC PASS; 369x369; depth=8; color=6; interlace=0
images/test/18.png,1562,035141e7ea2a0ee8a8932d75c40bda9a7144dec961c27225aaf21b5ff4c91100,.png,PNG CRC PASS; 369x369; depth=8; color=6; interlace=0
images/test/19.png,1607,4cb815a636a7125f4dae63fca64a1846683576017e38f6544dafc72390bd9d2a,.png,PNG CRC PASS; 369x369; depth=8; color=6; interlace=0
images/test/2.png,1584,8e2cf84204fbaef89e35f494766c6c7ac85cc1efd9d6cb45067724ec7cdf16e9,.png,PNG CRC PASS; 369x369; depth=8; color=6; interlace=0
images/test/20.png,1621,7db896f258496da10f5390565dc80264d78a9c542d8b1e9f74ad76f4ab6c163d,.png,PNG CRC PASS; 369x369; depth=8; color=6; interlace=0
images/test/3.png,1576,a89f09a3fe9e21a476cb3b83430a899b64536fa8fa3b58270727c3a666961a58,.png,PNG CRC PASS; 369x369; depth=8; color=6; interlace=0
images/test/4.png,1641,e62f90ad16bff19f7662a5b40ac6d6e3011d4d953bf65320e803ab4edede6b37,.png,PNG CRC PASS; 369x369; depth=8; color=6; interlace=0
images/test/5.png,1599,366e0096962469d133d481c06f9122aa7e94acee18acbf09b403f28a0f294ff3,.png,PNG CRC PASS; 369x369; depth=8; color=6; interlace=0
images/test/6.png,1605,989a515a27a045d0064146f1e912c338af1120ed9f5d558901bc03386eae6f37,.png,PNG CRC PASS; 369x369; depth=8; color=6; interlace=0
images/test/7.png,1580,7c6895d3685ff599872772f95b43fa69aa7dd9f87bba7f0d306b55377cedb01b,.png,PNG CRC PASS; 369x369; depth=8; color=6; interlace=0
images/test/8.png,1604,3fac95633893760dc00e0e642388b48e1c5ea04cb39c490766e2bb1bb36557ba,.png,PNG CRC PASS; 369x369; depth=8; color=6; interlace=0
images/test/9.png,1614,318ad96c1b3d95a7903bd8cd996ef910710bd0645e90a4a8db7225bdf19aa256,.png,PNG CRC PASS; 369x369; depth=8; color=6; interlace=0
images/train/0.png,1616,2771f09f7e12aea73e2ee3470ca33c22a3755f991170fa598ac282ea048606f0,.png,PNG CRC PASS; 369x369; depth=8; color=6; interlace=0
images/train/1.png,1605,d7bb0e1ebad2ba5ac171199b0c282e81d6cf3c1171c253156df464182d01fc41,.png,PNG CRC PASS; 369x369; depth=8; color=6; interlace=0
images/train/10.png,1607,61a699f4b028d17f22063eaf09ca1435769864eb329a6b5e4d91fd77d44f1cde,.png,PNG CRC PASS; 369x369; depth=8; color=6; interlace=0
images/train/11.png,1610,c1e14e454bda52d7ac2bc4659a9cfc58d11dbcc5b2ca25698b1d76ae5dc61491,.png,PNG CRC PASS; 369x369; depth=8; color=6; interlace=0
images/train/12.png,1609,5879f0513f4cddd8e10f7d90d776781e8ba1e928662faa3a5019cbc102a8728a,.png,PNG CRC PASS; 369x369; depth=8; color=6; interlace=0
images/train/13.png,1594,fd812255af960a39f14dffa2d95628a3aa5c1620b948ed1b8992c81f27b2594c,.png,PNG CRC PASS; 369x369; depth=8; color=6; interlace=0
images/train/14.png,1596,3f8cfe8796e044f1466d829303903a67f33a51a103ce50e61e1091ecc3931ecc,.png,PNG CRC PASS; 369x369; depth=8; color=6; interlace=0
images/train/15.png,1615,3bb803bcb9c9f55bdf9d797cb7e83287490dab334e9dca8308c394e421e2dba6,.png,PNG CRC PASS; 369x369; depth=8; color=6; interlace=0
images/train/16.png,1608,b4b99f04006caf672bd9c921c8387a969aad79048b9bd9db15bdf037df6c2d5c,.png,PNG CRC PASS; 369x369; depth=8; color=6; interlace=0
images/train/17.png,1549,5438beaf596112526443fce1745dfec67150ba79f94361787a2afe68702cd774,.png,PNG CRC PASS; 369x369; depth=8; color=6; interlace=0
images/train/18.png,1603,a26431b41c7f066984d82efef39bd4dc5e72783eb4d3e6b73d7aeb6857aa0152,.png,PNG CRC PASS; 369x369; depth=8; color=6; interlace=0
images/train/19.png,1601,11069cb08e61a0832656f0d784ec21893885f0fbadac74aa90f6044926322031,.png,PNG CRC PASS; 369x369; depth=8; color=6; interlace=0
images/train/2.png,1616,10e7eb3ad4210ac3e4a3e8b663aff4e1d001df05dde34f50862397f30cfb520a,.png,PNG CRC PASS; 369x369; depth=8; color=6; interlace=0
images/train/20.png,1603,d493ee315ca97f497a94a112f55217e9a74c0ccf74477546fe3d433e7f9645bd,.png,PNG CRC PASS; 369x369; depth=8; color=6; interlace=0
images/train/3.png,1622,dc50e060b1a0759016b41fe766b1bf01cd55f146931121517fbd3b5cd6db3a95,.png,PNG CRC PASS; 369x369; depth=8; color=6; interlace=0
images/train/4.png,1586,92c97c64c1040fdc9d1050e0ec04e78f61404ad19fa782982b53daf18589fc15,.png,PNG CRC PASS; 369x369; depth=8; color=6; interlace=0
images/train/5.png,1615,2952fcabb357a941d3ae90a20d3bb9e873f3f88897b8a120e06712afb65a04b4,.png,PNG CRC PASS; 369x369; depth=8; color=6; interlace=0
images/train/6.png,1617,a2a3db3713970accc7a525dd08368ff30f98785efbe808d49ba2c1cb73485525,.png,PNG CRC PASS; 369x369; depth=8; color=6; interlace=0
images/train/7.png,1615,c8fd92ab8e0dd4d9f08e3e59b3c9607a932e8119762fa2ce45e046e3e57f6a2f,.png,PNG CRC PASS; 369x369; depth=8; color=6; interlace=0
images/train/8.png,1600,0cb643f4efdbf7f9cfaadb00553fc3c37dcdaf96956ef71a953399c43128d76f,.png,PNG CRC PASS; 369x369; depth=8; color=6; interlace=0
images/train/9.png,1602,d28e88e83970880c12e96dac131dc7a5f98f6886949f447bfd54672990f176d0,.png,PNG CRC PASS; 369x369; depth=8; color=6; interlace=0
model/cnn_model_best_0.8699876070022583.h5,703128,f7ff2a9ba9e38337fd80da5c3424460554f6e5e738b5862607fa1faa56f68d61,.h5,HDF5 signature and embedded model/training JSON inspected; weights not executed
results/%localappdata%/Malwarebytes/Logs/MBAMSI.log,4952,56a28b750415990a0deea1dde543ccca083ea784b05aeb9bed6136934d11ccba,.log,binary hash and length inspected
results/cnn2d_grid_plan.csv,32227,5d9363f4cbb29ee6b8c74cad5775dd6791c50be99e04c7585eb67f827e956902,.csv,all CSV rows read; 324 data rows; 9 columns
results/cnn_training_plot.png,254955,f3e5587794e0c67b4167e25f3aa662b335d9f50eb558d6ee7a2997caa668ac65,.png,PNG CRC PASS; 3200x2400; depth=8; color=6; interlace=0
results/confusion_matrix_heatmap.png,155037,44e521dc8162f00b828e0990a9efd55d5b7023552ad2f7440ecc3ac28531d2b9,.png,PNG CRC PASS; 1823x1874; depth=8; color=6; interlace=0
results/multi_class_auc.png,249012,6d63b88f5fcb1f8e01ebb606d515bffdd73c13e0822ed9c0321e3263c63ee668,.png,PNG CRC PASS; 2763x2182; depth=8; color=6; interlace=0
results/normalized_confusion_matrix_heatmap.png,167768,88bec090d6e48ab058ef1720c5f378f7a3a08776ee43878eb4ad967b8fb9361f,.png,PNG CRC PASS; 1770x1874; depth=8; color=6; interlace=0
results/results.txt,1376,092496773082c114b5b108a493b02db8783317be4713d87a66ca530caf716d37,.txt,text read; 48 lines
results/training_results.txt,6790,653ac52860ac398ba951d3636266949a66f283c35514a2f1b80fb245e41a82f0,.txt,text read; 100 lines
slurm/run_cnn_baseline_h200.sbatch,1624,20ffe3ae5387713f988ae61a9762bdf2642dc481da019744c79c6e5c87227a7b,.sbatch,text read; 51 lines
slurm/run_cnn_opt_1d_4gpu.sbatch,455,13cf89579c4445f8dbf9c95886829f9e6b525880df965e7548eb326b61a2c97f,.sbatch,text read; 24 lines
slurm/run_mlp_focal_cv_firebird.sbatch,1191,d3188b9213cdb3eddef7940a0b2e7f636b33a609048201675cd0a7acb8ac91cc,.sbatch,text read; 38 lines
slurm/run_random_search_cnn_opt_1d_4gpu.sbatch,490,27ecaf90a1926e85a06de006c4e396d5f0731661d3b9c29535a695f46ed79964,.sbatch,text read; 26 lines
src/__pycache__/cnn_opt.cpython-313.pyc,68239,07681746613a2fb23426674af489adcccba9a475de84091637496aa2b8bd78f5,.pyc,bytecode header only; magic=f30d0d0a; flags=0; not executed
src/__pycache__/evaluate_final_simple_average_vs_safe_stack_kddtest.cpython-313.pyc,51962,0187eef686e958f3879d00ed024f1cd7614355d05773c18e9a1aba5a22406e8f,.pyc,bytecode header only; magic=f30d0d0a; flags=0; not executed
src/__pycache__/grid_search_cnn_opt_4gpu.cpython-313.pyc,42779,1796a51b8001b3fdb70dd1747f607bbcda0435f51d90b08a09058c7385612572,.pyc,bytecode header only; magic=f30d0d0a; flags=0; not executed
src/__pycache__/run_no_ctgan_model_ablation_4gpu.cpython-313.pyc,104916,cf0c394d93d7ea7ba0d0ba285798caa3166ff53fe37c6c7c2c2d2b0a516c2390,.pyc,bytecode header only; magic=f30d0d0a; flags=0; not executed
src/__pycache__/summarize_trials.cpython-313.pyc,15456,88bca0378309fa3b5d2110b093dd2d82c8b3c4f35eac0636ecceb60f611b3f99,.pyc,bytecode header only; magic=f30d0d0a; flags=0; not executed
src/__pycache__/tune_cnn_opt_thresholds.cpython-313.pyc,28902,9a7c952bc581346aaf4c0aea3b8c4d0815c05540c38168ac83f4c69d8028a6f9,.pyc,bytecode header only; magic=f30d0d0a; flags=0; not executed
src/__pycache__/tune_conv1d_focal_cv_4gpu.cpython-313.pyc,76119,07b5112748f445fb4243b6330bcd33e3ea73329278fed00fb008f864d4742357,.pyc,bytecode header only; magic=f30d0d0a; flags=0; not executed
src/__pycache__/tune_conv2d_focal_cv_4gpu.cpython-313.pyc,73263,d08886888a813e884f5bd4d9b061108e0e598704a847bd5d222993776c379968,.pyc,bytecode header only; magic=f30d0d0a; flags=0; not executed
src/__pycache__/tune_conv2d_safe_stack_fusion.cpython-313.pyc,61920,c07495f6ab3e5001165d6c4b788a7a7e1e3592aae12d8bf2919c154cdf5e0f0c,.pyc,bytecode header only; magic=f30d0d0a; flags=0; not executed
src/__pycache__/tune_conv2d_score_scaling_cv_4gpu.cpython-313.pyc,92332,937b8c0ad6789484b9313c01e638b4060e8d29aafb7eedbae16dcf03ce50921f,.pyc,bytecode header only; magic=f30d0d0a; flags=0; not executed
src/__pycache__/tune_mlp_focal_cv_4gpu.cpython-313.pyc,75451,056e88c024e8f322dc8eb3376ebea5f65d3f802552f6263a437739ecf17fa141,.pyc,bytecode header only; magic=f30d0d0a; flags=0; not executed
src/__pycache__/tune_robust_calibrated_super_stack_all.cpython-313.pyc,138351,d0eb70287e32cff95e255112d908139b8218c1f15dd56bba11b490ba7ac6b174,.pyc,bytecode header only; magic=f30d0d0a; flags=0; not executed
src/__pycache__/tune_transformer_focal_cv_4gpu.cpython-313.pyc,76201,974199ef8036296ce4257c2df4ce4516ff033915a688243108aecf1a8bd22273,.pyc,bytecode header only; magic=f30d0d0a; flags=0; not executed
src/__pycache__/tune_variant_specific_score_scaling.cpython-313.pyc,47975,5a8163117b49fd4d654a891ce28c1c6f1163031aa537dd8256f69d682fb1f228,.pyc,bytecode header only; magic=f30d0d0a; flags=0; not executed
src/add_transformer_to_model_comparison.py,36313,c5163073e863cae6908acc13157622e1c1ab308a2da862bbde37a3ca5635efa1,.py,syntax PASS; 1112 lines; 0 test methods
src/audit_validation_filtered_fusion_kddtest.py,53642,41632eb4bad4dffee64902130d52dfea3401c9d77a043258af90ab7d1f52a5da,.py,syntax PASS; 1335 lines; 0 test methods
src/cnn_baseline.py,16243,f69e2d8dda3f50d94055395344f0a18de170552bf638bc01b0d65007a0e4c2ba,.py,syntax PASS; 495 lines; 0 test methods
src/cnn_fin.py,17421,1c7d8d271028c02fa7f0d8ff91f7c2f4f905490563c6e39cfd6960dbac630b27,.py,syntax PASS; 474 lines; 0 test methods
src/cnn_focal.py,20100,9c4952d5e4af5bb2056a1bb4e18b3789a218693af2015bc665cdd6dec3096b1e,.py,syntax PASS; 598 lines; 0 test methods
src/cnn_gan_foc.py,27724,99474647be2936331d98e8f6245ff4d110b7703bb6662d4de81a5cf9ff2a6b76,.py,syntax PASS; 782 lines; 0 test methods
src/cnn_opt.py,56758,64f8c99938c3efac017091324ab9935df923502e933b045a56fe66ed6f034c11,.py,syntax PASS; 1540 lines; 0 test methods
src/cnn_opt_1d_4gpu.py,31893,b6f33a7471ac47f565f6dc5a404459cc5f87960cb64903624bd1f9b9f97a7c5b,.py,syntax PASS; 904 lines; 0 test methods
src/compare_all_models.py,24978,c2346b23bedd5b9de6b3acc5df83c33cafd343962e3f39a394df456bee31cbe3,.py,syntax PASS; 784 lines; 0 test methods
src/compare_cnn_1d_2d.py,17883,9e9538c4caeec22c20b492b6c1351ffe58431b5a5e75d37ada0afc98a0615bcf,.py,syntax PASS; 533 lines; 0 test methods
src/compare_cnn_opt_xgboost.py,6987,989ae82ef979cb1cd48b32f56e13b0a9dca60ce8804a74e92f0f01195c2dc538,.py,syntax PASS; 228 lines; 0 test methods
src/cost_sensitive_xgboost.py,12578,2e0daa6892ca46b4678115f15fbd89cd98e39586627dc6f059767d2b923b917b,.py,syntax PASS; 367 lines; 0 test methods
src/evaluate_cnn_grid_winner.py,11961,8744437e04513bd007e679b69d00bbd0520fdb24cb906ac91bc6157604a57e7a,.py,syntax PASS; 367 lines; 0 test methods
src/evaluate_final_natural_rare_super_stack_kddtest.py,44052,a19ec0a22e5bac310bf56a8d9af600e05c854ccd08ddefb2b31ff608dfdb1b3b,.py,syntax PASS; 1045 lines; 0 test methods
src/evaluate_final_simple_average_vs_safe_stack_kddtest.py,43121,2175c3d90b2301f7459eff7f8f7a69afb9713bc53637708841ced56d5367c36e,.py,syntax PASS; 1066 lines; 0 test methods
src/grid_search_cnn_opt_4gpu.py,34385,21a85fe18f3651a1d7a83b46ab5eaec064fd7ba7d9b17d80e0da90c68a70589a,.py,syntax PASS; 1074 lines; 0 test methods
src/random_search_cnn_opt_1d.py,8192,2f34efa3cc83d91c46cfe25e69d77956138f13f2222637e0d0fae8e3c859456b,.py,syntax PASS; 246 lines; 0 test methods
src/run_cnn_ablation_4gpu.py,26343,4dba43afcef3e31923de5e6a7a9097eee3fd27ce994e3a8523c83f2ef0264e25,.py,syntax PASS; 789 lines; 0 test methods
src/run_conv1d_baseline_cv_4gpu.py,465,75dc9e8fd88a586b8224de007118cd6022c2014f82827aa6249545a9788b78e3,.py,syntax PASS; 12 lines; 0 test methods
src/run_conv1d_batch_baseline_cv_4gpu.py,362,c2b0b34951233740316adc7ff5fc4a563d8b811c7c6e840705f6379765f2bf75,.py,syntax PASS; 12 lines; 0 test methods
src/run_conv1d_focal_batch_cv_4gpu.py,360,2cecdf266cbc1c4cbc9bfc3350b70ee5c550c5e2d83e60ebe2c6cd302e95a0c6,.py,syntax PASS; 12 lines; 0 test methods
src/run_conv2d_baseline_cv_4gpu.py,460,35f4e9d73bb012d39da02231b2226b49da17b6b6012d4ca88b0de8f375b6314a,.py,syntax PASS; 12 lines; 0 test methods
src/run_conv2d_batch_baseline_cv_4gpu.py,362,4aaa53fd3ca3b3221e20e2f3c76627d1ba00fe23eac501ee0d5ae624cb66d332,.py,syntax PASS; 12 lines; 0 test methods
src/run_conv2d_focal_batch_cv_4gpu.py,360,38e35d064a963624cc54dc4081bf8a2c54e82722740fa025a24bb0d5cb243c24,.py,syntax PASS; 12 lines; 0 test methods
src/run_ctgan_amount_sweep_4gpu.py,61396,461eae6bf53c4fb33cca1cbcece3905bf41fc57645a3a8a6c4a961157c2ea2d1,.py,syntax PASS; 1758 lines; 0 test methods
src/run_final_baseline_vs_full_kddtest_4gpu.py,41159,57af42384b48a13354e03a85be3d86bd3bd0467b4b7dd1a5f1f58e2109e84bd8,.py,syntax PASS; 1056 lines; 0 test methods
src/run_final_single_enhancements_kddtest_4gpu.py,845,beec044263a5db12f944dd14f0bca653048a3419353971f31a330139118869fa,.py,syntax PASS; 29 lines; 0 test methods
src/run_mlp_baseline_cv_4gpu.py,451,acbea99ab9b9e4b2931f80a9068b15871612fc950f3fc8b64e3689d6e345ff2b,.py,syntax PASS; 12 lines; 0 test methods
src/run_mlp_batch_baseline_cv_4gpu.py,353,7fca18046c94ba3140b55cf474a0a7bef10ffe3de67ccbbfd4f69569d9cb6a2a,.py,syntax PASS; 12 lines; 0 test methods
src/run_mlp_focal_batch_cv_4gpu.py,351,546809e4845a6c204ec5d29a05c0807a25119b08b13e9c7eee29ee596f98582a,.py,syntax PASS; 12 lines; 0 test methods
src/run_no_ctgan_model_ablation_4gpu.py,90188,4e351ed622aad04155c5cbd917896af4e2dda77c24f196665363da58925c0aa0,.py,syntax PASS; 2513 lines; 0 test methods
src/run_transformer_baseline_cv_4gpu.py,474,4feb62f1aca53835e6862446812c31f9a8a6784ff123be2c5404b2110005cfbf,.py,syntax PASS; 12 lines; 0 test methods
src/run_transformer_batch_baseline_cv_4gpu.py,366,814ee116c1597d0ed8bc2a8be842a915a6bb8e83275305869772f20205fcbee7,.py,syntax PASS; 12 lines; 0 test methods
src/run_transformer_focal_batch_cv_4gpu.py,366,a4a743d62def1cbf36e8d4c586b5f9904b594f3fe837393ef0956a0ba8359c84,.py,syntax PASS; 12 lines; 0 test methods
src/select_fusion_against_all_validation_baselines.py,62980,eb02ad7de147bd02a845b0e7deaa2ddf7f0ea6361557bd50bd800a2d113e0ad2,.py,syntax PASS; 1524 lines; 0 test methods
src/summarize_trials.py,11418,1f7fef4b66f5fcadab9b9e34549928f0df8c8cdc7da272d4785dccf8ffb2563d,.py,syntax PASS; 344 lines; 0 test methods
src/sweep_fixed_backbone_imbalance_4gpu.py,73063,ed80d197eac307da82e77c8ab0cb0b049ea07cf47fefaa5e66c19a5b24b6bc5b,.py,syntax PASS; 1878 lines; 0 test methods
src/transformer_baseline.py,472,8d861aeddb0f239e3f0b8af2c89c3b540665fb97cc7b6c1f2d0abbcd8d420070,.py,syntax PASS; 17 lines; 0 test methods
src/tune_cnn_opt_thresholds.py,25645,98a3c1e689ccdfd0c756547f3469e5cc944320e534814ddcac68e7269405b575,.py,syntax PASS; 789 lines; 0 test methods
src/tune_conv1d_baseline_score_scaling_cv_4gpu.py,421,56e21a38fe6cec4dc2a116f2b9e43f6a1350d21d8c6a5cec4bb8fd51e7a16dc3,.py,syntax PASS; 15 lines; 0 test methods
src/tune_conv1d_focal_cv_4gpu.py,60903,f04a264b0f0d8250944cf4a780b6a4a873ac3dfcd5e9019789196ffb9fd9a29f,.py,syntax PASS; 1546 lines; 0 test methods
src/tune_conv1d_safe_stack_fusion.py,191,58fb4425e5ae4decefb8fc4bfbc770359ee003ee2c66b6b87763b280ec8f21e0,.py,syntax PASS; 7 lines; 0 test methods
src/tune_conv1d_score_scaling_cv_4gpu.py,194,3df0eeb20a18d1643a2d5c1d0a965e7cc95223a34bcbad8927a1a0a99d7af9c6,.py,syntax PASS; 7 lines; 0 test methods
src/tune_conv2d_baseline_score_scaling_cv_4gpu.py,421,bab3a1adc57536f8436f3ef337c2558d0047dcdea7a26d803d36fe7fd8026423,.py,syntax PASS; 15 lines; 0 test methods
src/tune_conv2d_focal_cv_4gpu.py,58559,11eeadfbdfd1adb78c9bb6b86a197264f10f09e65b29e5ae21349457b62d62bf,.py,syntax PASS; 1487 lines; 0 test methods
src/tune_conv2d_safe_stack_fusion.py,47649,606af1951b9e1399f02064e5974ebf16b3329888181f6ecaee5a113294042259,.py,syntax PASS; 1246 lines; 0 test methods
src/tune_conv2d_score_scaling_cv_4gpu.py,81617,ae2f62e28ffad82be201dcbc32297183aee6c68eaec9c8fd4fa5db3c01d9715e,.py,syntax PASS; 2022 lines; 0 test methods
src/tune_mlp_baseline_score_scaling_cv_4gpu.py,412,eb5f6a93399d537d04d87c193c0b359d4907c5c64c3cfbd8da43cdf669a6a902,.py,syntax PASS; 15 lines; 0 test methods
src/tune_mlp_focal_cv_4gpu.py,60031,680dc43f64889dc0705fc3c34263530e19388aefcd44da6079a862aa6c70a97a,.py,syntax PASS; 1525 lines; 0 test methods
src/tune_mlp_safe_stack_fusion.py,177,9bc8e65ee49aa3064eb515a7733c1cbecbf02c55453023c0fceca92dc3d7e6a7,.py,syntax PASS; 7 lines; 0 test methods
src/tune_mlp_score_scaling_cv_4gpu.py,188,7b3b8ea91632a22b55bd8f6b84bf7a0d16df79b7d11d9382482f969559536285,.py,syntax PASS; 7 lines; 0 test methods
src/tune_robust_calibrated_super_stack_all.py,115706,7b730119e84078f8fbe6af9041caacbd13382ab753b4955cfd72fae96aacdd28,.py,syntax PASS; 2700 lines; 0 test methods
src/tune_transformer_baseline_score_scaling_cv_4gpu.py,422,aa98a89f58bd8118249a60f9f1bfd5c518a13c95d30c01a6615af4781168df03,.py,syntax PASS; 15 lines; 0 test methods
src/tune_transformer_focal_cv_4gpu.py,60976,021d4c7f03dc35d9f5e925511d46cd7b9f82ae3c1cccfb0213ec24bc44f00cc6,.py,syntax PASS; 1546 lines; 0 test methods
src/tune_transformer_safe_stack_fusion.py,193,218c3add6cdab8575329281b2cca0a2614ad7a6b4ee31bb89f7df688b7fba5e7,.py,syntax PASS; 7 lines; 0 test methods
src/tune_transformer_score_scaling_cv_4gpu.py,204,22c0ed8f9b4f8efeb49f3b36b78bc9e8dbd9540bf4e7e5c59faf94eeaee31556,.py,syntax PASS; 7 lines; 0 test methods
src/tune_variant_specific_score_scaling.py,46408,61fc8dafaa58d75c4f6e31ddbfbf4dc7b5dbee485762383ec41284f96bcd2091,.py,syntax PASS; 1174 lines; 0 test methods
tests/__pycache__/test_robust_calibrated_super_stack.cpython-313.pyc,27549,71be20a9259b4d9da9113e2a205074a6a63492b23fa050e0d72c02bfb8729d47,.pyc,bytecode header only; magic=f30d0d0a; flags=0; not executed
tests/__pycache__/test_variant_specific_score_scaling.cpython-313.pyc,16703,13815c5715185e0062b55187f580a2f376763d2b7be19ee75f6b4b5877f7dd83,.pyc,bytecode header only; magic=f30d0d0a; flags=0; not executed
tests/test_final_natural_rare_super_stack_kddtest.py,7362,c42742b461736d8b83629341c0599047547f6e323d143bc44b85c8e877c5650e,.py,syntax PASS; 204 lines; 3 test methods
tests/test_robust_calibrated_super_stack.py,17402,0d94949aac4ef255f10b65c2fd265400c3c52b9ca541ebe8fd9bfadd57545a75,.py,syntax PASS; 405 lines; 12 test methods
tests/test_select_fusion_against_all_validation_baselines.py,11423,a549ca4a4d54afd1a96d359050b7f2beb45c1e9e80f5453edf49011fa065f5f4,.py,syntax PASS; 293 lines; 7 test methods
tests/test_validation_filtered_fusion_kddtest_audit.py,13536,17e4015bbc5960905b591e6d6d6f2f91f7b50d78e885f0d2523fd9de4ba65f9b,.py,syntax PASS; 358 lines; 9 test methods
tests/test_variant_specific_score_scaling.py,17258,52174e964ae19a4d5665f9f673c0e02593918bf7a312863c27425a3ce9fa1641,.py,syntax PASS; 384 lines; 6 test methods
