partition,configuration,architecture,focal,batching,scaling,rare_f1_mean_percent,rare_f1_seed_sample_sd_pp
oof,Baseline,conv2d,0,0,0,70.03,0.67
oof,Baseline,conv1d,0,0,0,61.25,4.04
oof,Baseline,transformer,0,0,0,60.37,6.64
oof,Baseline,mlp,0,0,0,71.99,0.94
oof,Focal only,conv2d,1,0,0,69.33,1.55
oof,Focal only,conv1d,1,0,0,73.72,1.58
oof,Focal only,transformer,1,0,0,65.21,3.27
oof,Focal only,mlp,1,0,0,73.2,1.12
oof,Batching only,conv2d,0,1,0,67.98,0.64
oof,Batching only,conv1d,0,1,0,68.8,4.79
oof,Batching only,transformer,0,1,0,65.39,2.14
oof,Batching only,mlp,0,1,0,67.99,1.13
oof,Scaling only,conv2d,0,0,1,70.78,1.58
oof,Scaling only,conv1d,0,0,1,72.23,0.91
oof,Scaling only,transformer,0,0,1,64.38,2.04
oof,Scaling only,mlp,0,0,1,74.77,2.39
oof,Focal + batching,conv2d,1,1,0,60.49,1.19
oof,Focal + batching,conv1d,1,1,0,62.6,3.35
oof,Focal + batching,transformer,1,1,0,59.19,2.52
oof,Focal + batching,mlp,1,1,0,59.28,1.56
oof,Focal + scaling,conv2d,1,0,1,70.61,1.43
oof,Focal + scaling,conv1d,1,0,1,73.78,1.88
oof,Focal + scaling,transformer,1,0,1,66.02,2.76
oof,Focal + scaling,mlp,1,0,1,73.69,0.89
oof,Batching + scaling,conv2d,0,1,1,72.32,0.52
oof,Batching + scaling,conv1d,0,1,1,72.36,3.01
oof,Batching + scaling,transformer,0,1,1,70.28,1.11
oof,Batching + scaling,mlp,0,1,1,72.69,1.31
oof,All three controls,conv2d,1,1,1,69.38,2.29
oof,All three controls,conv1d,1,1,1,71.12,3.73
oof,All three controls,transformer,1,1,1,71.56,1.22
oof,All three controls,mlp,1,1,1,71.64,0.55
kddtest,Baseline,conv2d,0,0,0,16.53,1.58
kddtest,Baseline,conv1d,0,0,0,21.89,5.25
kddtest,Baseline,transformer,0,0,0,15.9,8.93
kddtest,Baseline,mlp,0,0,0,31.52,2.2
kddtest,Focal only,conv2d,1,0,0,22.86,6.75
kddtest,Focal only,conv1d,1,0,0,28.54,1.09
kddtest,Focal only,transformer,1,0,0,24.19,6.5
kddtest,Focal only,mlp,1,0,0,28.97,5.1
kddtest,Batching only,conv2d,0,1,0,27.83,3.78
kddtest,Batching only,conv1d,0,1,0,32.77,2.92
kddtest,Batching only,transformer,0,1,0,27.61,6.67
kddtest,Batching only,mlp,0,1,0,30.74,3.98
kddtest,Scaling only,conv2d,0,0,1,18.4,1.8
kddtest,Scaling only,conv1d,0,0,1,28.14,3.11
kddtest,Scaling only,transformer,0,0,1,18.49,9.23
kddtest,Scaling only,mlp,0,0,1,31.25,2.29
kddtest,Focal + batching,conv2d,1,1,0,31.72,3.79
kddtest,Focal + batching,conv1d,1,1,0,31.59,5.16
kddtest,Focal + batching,transformer,1,1,0,32.23,3.73
kddtest,Focal + batching,mlp,1,1,0,28.47,3.47
kddtest,Focal + scaling,conv2d,1,0,1,19.22,7.55
kddtest,Focal + scaling,conv1d,1,0,1,29.66,1.6
kddtest,Focal + scaling,transformer,1,0,1,24.06,6.48
kddtest,Focal + scaling,mlp,1,0,1,29.33,6.02
kddtest,Batching + scaling,conv2d,0,1,1,28.85,2.44
kddtest,Batching + scaling,conv1d,0,1,1,32.69,1.42
kddtest,Batching + scaling,transformer,0,1,1,28.85,3.8
kddtest,Batching + scaling,mlp,0,1,1,31.84,2.44
kddtest,All three controls,conv2d,1,1,1,27.38,3.28
kddtest,All three controls,conv1d,1,1,1,31.98,4.59
kddtest,All three controls,transformer,1,1,1,30.57,3.26
kddtest,All three controls,mlp,1,1,1,31.86,3.06
