path,category,role_or_reason,sha256
src/add_transformer_to_model_comparison.py,outside_paper_numerical_pipeline,No import edge from the identified paper engine closure and no paper method needing this entry point. Historical development or separate research; this does not prove it was never run.,c5163073e863cae6908acc13157622e1c1ab308a2da862bbde37a3ca5635efa1
src/audit_validation_filtered_fusion_kddtest.py,outside_paper_numerical_pipeline,No import edge from the identified paper engine closure and no paper method needing this entry point. Historical development or separate research; this does not prove it was never run.,41632eb4bad4dffee64902130d52dfea3401c9d77a043258af90ab7d1f52a5da
src/cnn_baseline.py,outside_paper_numerical_pipeline,No import edge from the identified paper engine closure and no paper method needing this entry point. Historical development or separate research; this does not prove it was never run.,f69e2d8dda3f50d94055395344f0a18de170552bf638bc01b0d65007a0e4c2ba
src/cnn_fin.py,outside_paper_numerical_pipeline,No import edge from the identified paper engine closure and no paper method needing this entry point. Historical development or separate research; this does not prove it was never run.,1c7d8d271028c02fa7f0d8ff91f7c2f4f905490563c6e39cfd6960dbac630b27
src/cnn_focal.py,outside_paper_numerical_pipeline,No import edge from the identified paper engine closure and no paper method needing this entry point. Historical development or separate research; this does not prove it was never run.,9c4952d5e4af5bb2056a1bb4e18b3789a218693af2015bc665cdd6dec3096b1e
src/cnn_gan_foc.py,paper_core_or_shared_dependency,Shared ClassBalancedFocalLoss; GAN generation/main is outside this paper.,99474647be2936331d98e8f6245ff4d110b7703bb6662d4de81a5cf9ff2a6b76
src/cnn_opt.py,paper_core_or_shared_dependency,"Shared Conv2D builder, BalancedBatchSequence and score helpers; legacy main is outside this paper.",64f8c99938c3efac017091324ab9935df923502e933b045a56fe66ed6f034c11
src/cnn_opt_1d_4gpu.py,paper_core_or_shared_dependency,"Shared Conv1D, feature Transformer and MLP builders; legacy main is outside this paper.",b6f33a7471ac47f565f6dc5a404459cc5f87960cb64903624bd1f9b9f97a7c5b
src/compare_all_models.py,outside_paper_numerical_pipeline,No import edge from the identified paper engine closure and no paper method needing this entry point. Historical development or separate research; this does not prove it was never run.,c2346b23bedd5b9de6b3acc5df83c33cafd343962e3f39a394df456bee31cbe3
src/compare_cnn_1d_2d.py,outside_paper_numerical_pipeline,No import edge from the identified paper engine closure and no paper method needing this entry point. Historical development or separate research; this does not prove it was never run.,9e9538c4caeec22c20b492b6c1351ffe58431b5a5e75d37ada0afc98a0615bcf
src/compare_cnn_opt_xgboost.py,outside_paper_numerical_pipeline,No import edge from the identified paper engine closure and no paper method needing this entry point. Historical development or separate research; this does not prove it was never run.,989ae82ef979cb1cd48b32f56e13b0a9dca60ce8804a74e92f0f01195c2dc538
src/cost_sensitive_xgboost.py,outside_paper_numerical_pipeline,No import edge from the identified paper engine closure and no paper method needing this entry point. Historical development or separate research; this does not prove it was never run.,2e0daa6892ca46b4678115f15fbd89cd98e39586627dc6f059767d2b923b917b
src/evaluate_cnn_grid_winner.py,outside_paper_numerical_pipeline,No import edge from the identified paper engine closure and no paper method needing this entry point. Historical development or separate research; this does not prove it was never run.,8744437e04513bd007e679b69d00bbd0520fdb24cb906ac91bc6157604a57e7a
src/evaluate_final_natural_rare_super_stack_kddtest.py,outside_paper_numerical_pipeline,No import edge from the identified paper engine closure and no paper method needing this entry point. Historical development or separate research; this does not prove it was never run.,a19ec0a22e5bac310bf56a8d9af600e05c854ccd08ddefb2b31ff608dfdb1b3b
src/evaluate_final_simple_average_vs_safe_stack_kddtest.py,outside_paper_numerical_pipeline,No import edge from the identified paper engine closure and no paper method needing this entry point. Historical development or separate research; this does not prove it was never run.,2175c3d90b2301f7459eff7f8f7a69afb9713bc53637708841ced56d5367c36e
src/grid_search_cnn_opt_4gpu.py,outside_paper_numerical_pipeline,No import edge from the identified paper engine closure and no paper method needing this entry point. Historical development or separate research; this does not prove it was never run.,21a85fe18f3651a1d7a83b46ab5eaec064fd7ba7d9b17d80e0da90c68a70589a
src/random_search_cnn_opt_1d.py,outside_paper_numerical_pipeline,No import edge from the identified paper engine closure and no paper method needing this entry point. Historical development or separate research; this does not prove it was never run.,2f34efa3cc83d91c46cfe25e69d77956138f13f2222637e0d0fae8e3c859456b
src/run_cnn_ablation_4gpu.py,outside_paper_numerical_pipeline,No import edge from the identified paper engine closure and no paper method needing this entry point. Historical development or separate research; this does not prove it was never run.,4dba43afcef3e31923de5e6a7a9097eee3fd27ce994e3a8523c83f2ef0264e25
src/run_conv1d_baseline_cv_4gpu.py,paper_optional_or_alternative_launcher,Convenience OOF launcher for conv1d/ordinary CE; equivalent generic-engine CLI exists.,75dc9e8fd88a586b8224de007118cd6022c2014f82827aa6249545a9788b78e3
src/run_conv1d_batch_baseline_cv_4gpu.py,paper_optional_or_alternative_launcher,Convenience OOF launcher for conv1d/CE+B; equivalent generic-engine CLI exists.,c2b0b34951233740316adc7ff5fc4a563d8b811c7c6e840705f6379765f2bf75
src/run_conv1d_focal_batch_cv_4gpu.py,paper_optional_or_alternative_launcher,Convenience OOF launcher for conv1d/F+B fallback; equivalent generic-engine CLI exists.,2cecdf266cbc1c4cbc9bfc3350b70ee5c550c5e2d83e60ebe2c6cd302e95a0c6
src/run_conv2d_baseline_cv_4gpu.py,paper_optional_or_alternative_launcher,Convenience OOF launcher for conv2d/ordinary CE; equivalent generic-engine CLI exists.,35f4e9d73bb012d39da02231b2226b49da17b6b6012d4ca88b0de8f375b6314a
src/run_conv2d_batch_baseline_cv_4gpu.py,paper_optional_or_alternative_launcher,Convenience OOF launcher for conv2d/CE+B; equivalent generic-engine CLI exists.,4aaa53fd3ca3b3221e20e2f3c76627d1ba00fe23eac501ee0d5ae624cb66d332
src/run_conv2d_focal_batch_cv_4gpu.py,paper_optional_or_alternative_launcher,Convenience OOF launcher for conv2d/F+B fallback; equivalent generic-engine CLI exists.,38e35d064a963624cc54dc4081bf8a2c54e82722740fa025a24bb0d5cb243c24
src/run_ctgan_amount_sweep_4gpu.py,outside_paper_numerical_pipeline,No import edge from the identified paper engine closure and no paper method needing this entry point. Historical development or separate research; this does not prove it was never run.,461eae6bf53c4fb33cca1cbcece3905bf41fc57645a3a8a6c4a961157c2ea2d1
src/run_final_baseline_vs_full_kddtest_4gpu.py,paper_core_or_shared_dependency,Four-regime final network fits and saved raw test probabilities; own older scaled results do not match all paper coefficients.,57af42384b48a13354e03a85be3d86bd3bd0467b4b7dd1a5f1f58e2109e84bd8
src/run_final_single_enhancements_kddtest_4gpu.py,paper_optional_or_alternative_launcher,"Convenience final launcher for focal_only/batch_only/scaling_only; raw focal/batch arrays feed the paper, old scaling_only array is unnecessary.",beec044263a5db12f944dd14f0bca653048a3419353971f31a330139118869fa
src/run_mlp_baseline_cv_4gpu.py,paper_optional_or_alternative_launcher,Convenience OOF launcher for mlp/ordinary CE; equivalent generic-engine CLI exists.,acbea99ab9b9e4b2931f80a9068b15871612fc950f3fc8b64e3689d6e345ff2b
src/run_mlp_batch_baseline_cv_4gpu.py,paper_optional_or_alternative_launcher,Convenience OOF launcher for mlp/CE+B; equivalent generic-engine CLI exists.,7fca18046c94ba3140b55cf474a0a7bef10ffe3de67ccbbfd4f69569d9cb6a2a
src/run_mlp_focal_batch_cv_4gpu.py,paper_optional_or_alternative_launcher,Convenience OOF launcher for mlp/F+B fallback; equivalent generic-engine CLI exists.,546809e4845a6c204ec5d29a05c0807a25119b08b13e9c7eee29ee596f98582a
src/run_no_ctgan_model_ablation_4gpu.py,paper_core_or_shared_dependency,"Shared raw mapping, fold preprocessor, class weights, metrics and artifact utilities; its holdout main is not the paper CV protocol.",4e351ed622aad04155c5cbd917896af4e2dda77c24f196665363da58925c0aa0
src/run_transformer_baseline_cv_4gpu.py,paper_optional_or_alternative_launcher,Convenience OOF launcher for transformer/ordinary CE; equivalent generic-engine CLI exists.,4feb62f1aca53835e6862446812c31f9a8a6784ff123be2c5404b2110005cfbf
src/run_transformer_batch_baseline_cv_4gpu.py,paper_optional_or_alternative_launcher,Convenience OOF launcher for transformer/CE+B; equivalent generic-engine CLI exists.,814ee116c1597d0ed8bc2a8be842a915a6bb8e83275305869772f20205fcbee7
src/run_transformer_focal_batch_cv_4gpu.py,paper_optional_or_alternative_launcher,Convenience OOF launcher for transformer/F+B fallback; equivalent generic-engine CLI exists.,a4a743d62def1cbf36e8d4c586b5f9904b594f3fe837393ef0956a0ba8359c84
src/select_fusion_against_all_validation_baselines.py,outside_paper_numerical_pipeline,No import edge from the identified paper engine closure and no paper method needing this entry point. Historical development or separate research; this does not prove it was never run.,eb02ad7de147bd02a845b0e7deaa2ddf7f0ea6361557bd50bd800a2d113e0ad2
src/summarize_trials.py,outside_paper_numerical_pipeline,No import edge from the identified paper engine closure and no paper method needing this entry point. Historical development or separate research; this does not prove it was never run.,1f7fef4b66f5fcadab9b9e34549928f0df8c8cdc7da272d4785dccf8ffb2563d
src/sweep_fixed_backbone_imbalance_4gpu.py,outside_paper_numerical_pipeline,No import edge from the identified paper engine closure and no paper method needing this entry point. Historical development or separate research; this does not prove it was never run.,ed80d197eac307da82e77c8ab0cb0b049ea07cf47fefaa5e66c19a5b24b6bc5b
src/transformer_baseline.py,outside_paper_numerical_pipeline,No import edge from the identified paper engine closure and no paper method needing this entry point. Historical development or separate research; this does not prove it was never run.,8d861aeddb0f239e3f0b8af2c89c3b540665fb97cc7b6c1f2d0abbcd8d420070
src/tune_cnn_opt_thresholds.py,outside_paper_numerical_pipeline,No import edge from the identified paper engine closure and no paper method needing this entry point. Historical development or separate research; this does not prove it was never run.,98a3c1e689ccdfd0c756547f3469e5cc944320e534814ddcac68e7269405b575
src/tune_conv1d_baseline_score_scaling_cv_4gpu.py,paper_optional_or_alternative_launcher,Alternative conv1d ordinary-CE OOF launcher with baseline scaling grid; produces the same baseline pointer family.,56e21a38fe6cec4dc2a116f2b9e43f6a1350d21d8c6a5cec4bb8fd51e7a16dc3
src/tune_conv1d_focal_cv_4gpu.py,paper_core_or_shared_dependency,Conv1D Stage-1 focal selection and selected focal-only OOF arrays.,f04a264b0f0d8250944cf4a780b6a4a873ac3dfcd5e9019789196ffb9fd9a29f
src/tune_conv1d_safe_stack_fusion.py,outside_paper_numerical_pipeline,No import edge from the identified paper engine closure and no paper method needing this entry point. Historical development or separate research; this does not prove it was never run.,58fb4425e5ae4decefb8fc4bfbc770359ee003ee2c66b6b87763b280ec8f21e0
src/tune_conv1d_score_scaling_cv_4gpu.py,paper_optional_or_alternative_launcher,Preferred focal+batching OOF source launcher for conv1d; generic Conv2D-named engine handles this architecture.,3df0eeb20a18d1643a2d5c1d0a965e7cc95223a34bcbad8927a1a0a99d7af9c6
src/tune_conv2d_baseline_score_scaling_cv_4gpu.py,paper_optional_or_alternative_launcher,Alternative conv2d ordinary-CE OOF launcher with baseline scaling grid; produces the same baseline pointer family.,bab3a1adc57536f8436f3ef337c2558d0047dcdea7a26d803d36fe7fd8026423
src/tune_conv2d_focal_cv_4gpu.py,paper_core_or_shared_dependency,Conv2D Stage-1 18-candidate four-fold focal selection and selected focal-only OOF arrays.,11eeadfbdfd1adb78c9bb6b86a197264f10f09e65b29e5ae21349457b62d62bf
src/tune_conv2d_safe_stack_fusion.py,outside_paper_numerical_pipeline,No import edge from the identified paper engine closure and no paper method needing this entry point. Historical development or separate research; this does not prove it was never run.,606af1951b9e1399f02064e5974ebf16b3329888181f6ecaee5a113294042259
src/tune_conv2d_score_scaling_cv_4gpu.py,paper_core_or_shared_dependency,"Generic four-backbone OOF engine for CE, CE+B and F+B, plus shared 576-pair scoring machinery.",ae2f62e28ffad82be201dcbc32297183aee6c68eaec9c8fd4fa5db3c01d9715e
src/tune_mlp_baseline_score_scaling_cv_4gpu.py,paper_optional_or_alternative_launcher,Alternative mlp ordinary-CE OOF launcher with baseline scaling grid; produces the same baseline pointer family.,eb5f6a93399d537d04d87c193c0b359d4907c5c64c3cfbd8da43cdf669a6a902
src/tune_mlp_focal_cv_4gpu.py,paper_core_or_shared_dependency,MLP Stage-1 focal selection and selected focal-only OOF arrays.,680dc43f64889dc0705fc3c34263530e19388aefcd44da6079a862aa6c70a97a
src/tune_mlp_safe_stack_fusion.py,outside_paper_numerical_pipeline,No import edge from the identified paper engine closure and no paper method needing this entry point. Historical development or separate research; this does not prove it was never run.,9bc8e65ee49aa3064eb515a7733c1cbecbf02c55453023c0fceca92dc3d7e6a7
src/tune_mlp_score_scaling_cv_4gpu.py,paper_optional_or_alternative_launcher,Preferred focal+batching OOF source launcher for mlp; generic Conv2D-named engine handles this architecture.,7b3b8ea91632a22b55bd8f6b84bf7a0d16df79b7d11d9382482f969559536285
src/tune_robust_calibrated_super_stack_all.py,outside_paper_numerical_pipeline,No import edge from the identified paper engine closure and no paper method needing this entry point. Historical development or separate research; this does not prove it was never run.,7b730119e84078f8fbe6af9041caacbd13382ab753b4955cfd72fae96aacdd28
src/tune_transformer_baseline_score_scaling_cv_4gpu.py,paper_optional_or_alternative_launcher,Alternative transformer ordinary-CE OOF launcher with baseline scaling grid; produces the same baseline pointer family.,aa98a89f58bd8118249a60f9f1bfd5c518a13c95d30c01a6615af4781168df03
src/tune_transformer_focal_cv_4gpu.py,paper_core_or_shared_dependency,Transformer Stage-1 focal selection and selected focal-only OOF arrays.,021d4c7f03dc35d9f5e925511d46cd7b9f82ae3c1cccfb0213ec24bc44f00cc6
src/tune_transformer_safe_stack_fusion.py,outside_paper_numerical_pipeline,No import edge from the identified paper engine closure and no paper method needing this entry point. Historical development or separate research; this does not prove it was never run.,218c3add6cdab8575329281b2cca0a2614ad7a6b4ee31bb89f7df688b7fba5e7
src/tune_transformer_score_scaling_cv_4gpu.py,paper_optional_or_alternative_launcher,Preferred focal+batching OOF source launcher for transformer; generic Conv2D-named engine handles this architecture.,22c0ed8f9b4f8efeb49f3b36b78bc9e8dbd9540bf4e7e5c59faf94eeaee31556
src/tune_variant_specific_score_scaling.py,paper_core_or_shared_dependency,"Independent per-regime scaling selection, frozen manifest, complete OOF/test eight-cell tables and secondary metrics.",61fc8dafaa58d75c4f6e31ddbfbf4dc7b5dbee485762383ec41284f96bcd2091
