type,path,expected_sha256,contexts,payload_inspected_locally
selection,/home/gvadzabd/cnn/results/variant_specific_scaling_selection_ea63ca7e718d.json,0c73f26079edf9f7cdd1d643551e63bcbb22d9f2d23b76e62aa18500e70da08f,selection,True
evaluation,/home/gvadzabd/cnn/results/variant_specific_scaling_kddtest_d5c1c2bb3050_protocol.json,cb292ebeece383a6d07c1896c9c10d2377b2ba02d5a80a0ec693f62cc5781778,evaluation,True
oof_protocol,/home/gvadzabd/cnn/results/conv2d_baseline_cv_a546e5aa0cc7_a7826a73d09f_protocol.json,8a504551180d3a982e8aaae2bcb35b7aa797509b70688ca381c6a7287c7eff13,conv2d/baseline,False
final_run,/home/gvadzabd/cnn/results/final_baseline_vs_full_kddtest_f1fce59e8498_runs/final_baseline_vs_full_kddtest_f1fce59e8498_conv2d_baseline_s0.json,c58bedf41d83ec93cf85e28af9a594738b959b2fed125b667f4ea544d3926ac7,conv2d/baseline/seed_0,False
final_feature_cache_metadata,/home/gvadzabd/cnn/results/final_baseline_vs_full_kddtest_f1fce59e8498_feature_cache.json,b6c3145c5567ab0e719242d5566533c57e0c2b6563ed2367c17545a251a7e75a,conv2d/baseline/seed_0;conv2d/baseline/seed_1;conv2d/baseline/seed_2;conv2d/focal_batch/seed_0;conv2d/focal_batch/seed_1;conv2d/focal_batch/seed_2,False
final_run,/home/gvadzabd/cnn/results/final_baseline_vs_full_kddtest_f1fce59e8498_runs/final_baseline_vs_full_kddtest_f1fce59e8498_conv2d_baseline_s1.json,4f66f4cd246eaeb01c4d0f4a51f0b6e2daa3b27149d24a70729c261704c2ecb3,conv2d/baseline/seed_1,False
final_run,/home/gvadzabd/cnn/results/final_baseline_vs_full_kddtest_f1fce59e8498_runs/final_baseline_vs_full_kddtest_f1fce59e8498_conv2d_baseline_s2.json,fd5fda7b84702ba206e8ee14b5b2e43111c29ad2bcf717daa03b0ab466791c3a,conv2d/baseline/seed_2,False
oof_protocol,/home/gvadzabd/cnn/results/conv2d_focal_stage1_e85df7f4e441_protocol.json,2fceeda16170f23535e44857d924a8523aa063f3abfbc16d2619ed07e7e3d154,conv2d/focal_only,False
focal_best_configuration,/home/gvadzabd/cnn/results/conv2d_focal_stage1_e85df7f4e441_best_config.json,a19f249a927749e0fe445e3bca8fe4c2057ac5a7c6ed292a477f76ef5622231c,conv2d/focal_only,False
final_run,/home/gvadzabd/cnn/results/final_single_enhancement_kddtest_3ec1e4e235cb_runs/final_single_enhancement_kddtest_3ec1e4e235cb_conv2d_focal_only_s0.json,4e521b7f84962d8c283dc37b2505f6b729b89244965a85e3d92c405937a30e87,conv2d/focal_only/seed_0,False
final_feature_cache_metadata,/home/gvadzabd/cnn/results/final_single_enhancement_kddtest_3ec1e4e235cb_feature_cache.json,36b247e3b51d345498563051c449dafd4b41af6a621ccd9aec224d2a3846a8b0,conv2d/focal_only/seed_0;conv2d/focal_only/seed_1;conv2d/focal_only/seed_2;conv2d/batch_only/seed_0;conv2d/batch_only/seed_1;conv2d/batch_only/seed_2;conv1d/focal_only/seed_0;conv1d/focal_only/seed_1;conv1d/focal_only/seed_2;conv1d/batch_only/seed_0;conv1d/batch_only/seed_1;conv1d/batch_only/seed_2;transformer/focal_only/seed_0;transformer/focal_only/seed_1;transformer/focal_only/seed_2;transformer/batch_only/seed_0;transformer/batch_only/seed_1;transformer/batch_only/seed_2;mlp/focal_only/seed_0;mlp/focal_only/seed_1;mlp/focal_only/seed_2;mlp/batch_only/seed_0;mlp/batch_only/seed_1;mlp/batch_only/seed_2,False
final_run,/home/gvadzabd/cnn/results/final_single_enhancement_kddtest_3ec1e4e235cb_runs/final_single_enhancement_kddtest_3ec1e4e235cb_conv2d_focal_only_s1.json,67e485fbeaef5bb1d3f197be2785267087d99a9e9323d575ff99ef44303f9121,conv2d/focal_only/seed_1,False
final_run,/home/gvadzabd/cnn/results/final_single_enhancement_kddtest_3ec1e4e235cb_runs/final_single_enhancement_kddtest_3ec1e4e235cb_conv2d_focal_only_s2.json,0e252e0eb66315a0d691132cd27a5d4828ba430cba895d15e771b44ad91b02f5,conv2d/focal_only/seed_2,False
oof_protocol,/home/gvadzabd/cnn/results/conv2d_batch_baseline_cv_920c07cf4023_2835a5544c02_protocol.json,c0ea72cdebe99d3e5d8b18d8e7414d8de6c117eb4406e67bb7975ffcb288b9bc,conv2d/batch_only,False
final_run,/home/gvadzabd/cnn/results/final_single_enhancement_kddtest_3ec1e4e235cb_runs/final_single_enhancement_kddtest_3ec1e4e235cb_conv2d_batch_only_s0.json,95102389b192b03952a4a73070c6e56243b2bb958645506b3764a4556e31aeeb,conv2d/batch_only/seed_0,False
final_run,/home/gvadzabd/cnn/results/final_single_enhancement_kddtest_3ec1e4e235cb_runs/final_single_enhancement_kddtest_3ec1e4e235cb_conv2d_batch_only_s1.json,a01e35ce317bb98ee466602e459596d19f7f626371b5ac9b719f66d00c8bd1bb,conv2d/batch_only/seed_1,False
final_run,/home/gvadzabd/cnn/results/final_single_enhancement_kddtest_3ec1e4e235cb_runs/final_single_enhancement_kddtest_3ec1e4e235cb_conv2d_batch_only_s2.json,8e469a3ef028fc9644a65986be36c5c08fc8e4c6d530fbf62eb33b67ebbcb257,conv2d/batch_only/seed_2,False
oof_protocol,/home/gvadzabd/cnn/results/conv2d_balanced_score_scaling_fd9c49713960_b3492ee05c0a_protocol.json,9a062c2c5a9a0f3162894116f121a0411b445615d2bf82b75463192aecedde69,conv2d/focal_batch,False
final_run,/home/gvadzabd/cnn/results/final_baseline_vs_full_kddtest_f1fce59e8498_runs/final_baseline_vs_full_kddtest_f1fce59e8498_conv2d_full_s0.json,1880ed9740d2a3250d1cb097cc624c8b6444a6c142af4071d9f0029214ae7d2e,conv2d/focal_batch/seed_0,False
final_run,/home/gvadzabd/cnn/results/final_baseline_vs_full_kddtest_f1fce59e8498_runs/final_baseline_vs_full_kddtest_f1fce59e8498_conv2d_full_s1.json,508fab30e9fda976464276465c27d11e81cc6e4416fcfc78e4b1700387f93f6b,conv2d/focal_batch/seed_1,False
final_run,/home/gvadzabd/cnn/results/final_baseline_vs_full_kddtest_f1fce59e8498_runs/final_baseline_vs_full_kddtest_f1fce59e8498_conv2d_full_s2.json,f40e0c4c5ccc3348dc5b245ea9f007304481320c5f08949b03e557d8c0a17d54,conv2d/focal_batch/seed_2,False
oof_protocol,/home/gvadzabd/cnn/results/conv1d_baseline_cv_3791c3caba4e_c6c41fe0030b_protocol.json,82386ab1cc7298deda737ffa1743caad97c6d0ddc22e032f649e065de71be6de,conv1d/baseline,False
final_run,/home/gvadzabd/cnn/results/final_baseline_vs_full_kddtest_8cd98c1c3a8c_runs/final_baseline_vs_full_kddtest_8cd98c1c3a8c_conv1d_baseline_s0.json,6f519766511694972214cbdbc9e46cb169077a2df61bc8deb00b70cfa1840da9,conv1d/baseline/seed_0,False
final_feature_cache_metadata,/home/gvadzabd/cnn/results/final_baseline_vs_full_kddtest_8cd98c1c3a8c_feature_cache.json,cd20db2f53807bd853935c68c00752f3276ad66d5280e68cf8dd96eba72fd51a,conv1d/baseline/seed_0;conv1d/baseline/seed_1;conv1d/baseline/seed_2;conv1d/focal_batch/seed_0;conv1d/focal_batch/seed_1;conv1d/focal_batch/seed_2,False
final_run,/home/gvadzabd/cnn/results/final_baseline_vs_full_kddtest_8cd98c1c3a8c_runs/final_baseline_vs_full_kddtest_8cd98c1c3a8c_conv1d_baseline_s1.json,add0558057f6135fa34b44be16fcc985681f11e591f1d7d71289e1823ccdb04c,conv1d/baseline/seed_1,False
final_run,/home/gvadzabd/cnn/results/final_baseline_vs_full_kddtest_8cd98c1c3a8c_runs/final_baseline_vs_full_kddtest_8cd98c1c3a8c_conv1d_baseline_s2.json,d708f87c6e5cb9b207a2745369e04d6d383ee0c32ff6501b144d4a236375f4b4,conv1d/baseline/seed_2,False
oof_protocol,/home/gvadzabd/cnn/results/conv1d_focal_stage1_e384e5a86c3f_protocol.json,4bdb11758c03371b298ca931ea512bb604335844b3779bef7fa3174077a0793b,conv1d/focal_only,False
focal_best_configuration,/home/gvadzabd/cnn/results/conv1d_focal_stage1_e384e5a86c3f_best_config.json,7a79e45d3e577ca5a770557304746c62da4e33de6ffe2dbff2179b21b8b6ed10,conv1d/focal_only,False
final_run,/home/gvadzabd/cnn/results/final_single_enhancement_kddtest_3ec1e4e235cb_runs/final_single_enhancement_kddtest_3ec1e4e235cb_conv1d_focal_only_s0.json,bb1083163a2444811b89778a6ac272391b148378e178f162f4abb885db7e412b,conv1d/focal_only/seed_0,False
final_run,/home/gvadzabd/cnn/results/final_single_enhancement_kddtest_3ec1e4e235cb_runs/final_single_enhancement_kddtest_3ec1e4e235cb_conv1d_focal_only_s1.json,fe3a6aba9a148474c5219a5c72d6979f972240e68a49ee2c167e0a7d81f669ec,conv1d/focal_only/seed_1,False
final_run,/home/gvadzabd/cnn/results/final_single_enhancement_kddtest_3ec1e4e235cb_runs/final_single_enhancement_kddtest_3ec1e4e235cb_conv1d_focal_only_s2.json,04de5ba5ed3bcdf0c191f8045dc69a207f4256e662d44f6a4ad5d114f3b37b1d,conv1d/focal_only/seed_2,False
oof_protocol,/home/gvadzabd/cnn/results/conv1d_batch_baseline_cv_71dbe8728273_dc2fef863a37_protocol.json,2e5fb88dd38cc907eb68c5bca1006a68336a8bd0cccaee5433c929730f97a4c6,conv1d/batch_only,False
final_run,/home/gvadzabd/cnn/results/final_single_enhancement_kddtest_3ec1e4e235cb_runs/final_single_enhancement_kddtest_3ec1e4e235cb_conv1d_batch_only_s0.json,762fde4863e37e3c1da58cf6284e4b68e8ee1449863fb6654a4f4c0703065ffb,conv1d/batch_only/seed_0,False
final_run,/home/gvadzabd/cnn/results/final_single_enhancement_kddtest_3ec1e4e235cb_runs/final_single_enhancement_kddtest_3ec1e4e235cb_conv1d_batch_only_s1.json,aeac78bb54a3561f025a23ff61339771db0909580f25fa80a4a6b94eeeafb424,conv1d/batch_only/seed_1,False
final_run,/home/gvadzabd/cnn/results/final_single_enhancement_kddtest_3ec1e4e235cb_runs/final_single_enhancement_kddtest_3ec1e4e235cb_conv1d_batch_only_s2.json,e1452865e017e2c38c76e62ad6595a69a4367197e02674595e02cc9de1d19a35,conv1d/batch_only/seed_2,False
oof_protocol,/home/gvadzabd/cnn/results/conv1d_balanced_score_scaling_da3be350aa19_3f50cce15e20_protocol.json,d53938e8d7dbfd7398ca16ace6564410c6e5e2bd3f284ac837244c9900d4e7d3,conv1d/focal_batch,False
final_run,/home/gvadzabd/cnn/results/final_baseline_vs_full_kddtest_8cd98c1c3a8c_runs/final_baseline_vs_full_kddtest_8cd98c1c3a8c_conv1d_full_s0.json,93f201c0f90dc83b519c8dc39df20f046d5137ce0faadbd6205a517ba2253382,conv1d/focal_batch/seed_0,False
final_run,/home/gvadzabd/cnn/results/final_baseline_vs_full_kddtest_8cd98c1c3a8c_runs/final_baseline_vs_full_kddtest_8cd98c1c3a8c_conv1d_full_s1.json,284ad5625044734e990ffdb2c347a79f74c6ac1512ed1a68e7179b4fae8695aa,conv1d/focal_batch/seed_1,False
final_run,/home/gvadzabd/cnn/results/final_baseline_vs_full_kddtest_8cd98c1c3a8c_runs/final_baseline_vs_full_kddtest_8cd98c1c3a8c_conv1d_full_s2.json,c828cbf37dc14bfc55a6023c8a1119640ccaaa23cea5dd8a2bd679df0b6181ff,conv1d/focal_batch/seed_2,False
oof_protocol,/home/gvadzabd/cnn/results/transformer_baseline_cv_318ef61e45ed_0ce71628ff4f_protocol.json,573f989133d231f98907fa532509af67664401dd26b9101e05fe10228ed03432,transformer/baseline,False
final_run,/home/gvadzabd/cnn/results/final_baseline_vs_full_kddtest_5f655d7ccb1f_runs/final_baseline_vs_full_kddtest_5f655d7ccb1f_transformer_baseline_s0.json,de98f5f5fa9a3652e71e10ab6a1060214cf43d3459ca80e7c1ec23ca9cf4b3c9,transformer/baseline/seed_0,False
final_feature_cache_metadata,/home/gvadzabd/cnn/results/final_baseline_vs_full_kddtest_5f655d7ccb1f_feature_cache.json,9645883bf0740ab3181d334afae15fe8f7998eb1329a2dafe32ec45c0a568b68,transformer/baseline/seed_0;transformer/baseline/seed_1;transformer/baseline/seed_2;transformer/focal_batch/seed_0;transformer/focal_batch/seed_1;transformer/focal_batch/seed_2,False
final_run,/home/gvadzabd/cnn/results/final_baseline_vs_full_kddtest_5f655d7ccb1f_runs/final_baseline_vs_full_kddtest_5f655d7ccb1f_transformer_baseline_s1.json,94379a9871b6215c51efc40363dbad3927e12345f4e2f112aef15eaf66ac194a,transformer/baseline/seed_1,False
final_run,/home/gvadzabd/cnn/results/final_baseline_vs_full_kddtest_5f655d7ccb1f_runs/final_baseline_vs_full_kddtest_5f655d7ccb1f_transformer_baseline_s2.json,cf68aa89626b7549338307fa43b1f7bc2e143c2aa3732317d1b09fb107a14fcc,transformer/baseline/seed_2,False
oof_protocol,/home/gvadzabd/cnn/results/transformer_focal_stage1_f39c10180e9b_protocol.json,75c695edf3f473a5f2393eb6b562a3d708fc9968029944cd7bdd8c028c09ab02,transformer/focal_only,False
focal_best_configuration,/home/gvadzabd/cnn/results/transformer_focal_stage1_f39c10180e9b_best_config.json,cd50d5b8008368233f4b5a43f64131bf10a84cf298aa0e1cfccdac9b0cedc3ec,transformer/focal_only,False
final_run,/home/gvadzabd/cnn/results/final_single_enhancement_kddtest_3ec1e4e235cb_runs/final_single_enhancement_kddtest_3ec1e4e235cb_transformer_focal_only_s0.json,9cf352611194193887e66940d14285cdbb879221f2cd89c53c93567e1c5e09d9,transformer/focal_only/seed_0,False
final_run,/home/gvadzabd/cnn/results/final_single_enhancement_kddtest_3ec1e4e235cb_runs/final_single_enhancement_kddtest_3ec1e4e235cb_transformer_focal_only_s1.json,8a548f6e855ac3e2536247483860db464a849401980b81c3194cc40ef91828c8,transformer/focal_only/seed_1,False
final_run,/home/gvadzabd/cnn/results/final_single_enhancement_kddtest_3ec1e4e235cb_runs/final_single_enhancement_kddtest_3ec1e4e235cb_transformer_focal_only_s2.json,3b9c51647c4f0cc09573ac4f4d0fa77cffa0586cb8f49e81de649a6088178dc1,transformer/focal_only/seed_2,False
oof_protocol,/home/gvadzabd/cnn/results/transformer_batch_baseline_cv_af6b6d968387_aabfe477294e_protocol.json,c087ff3d863f7291b81ec58059d7e845f4c497bf660aa34a42f4bd28fea8692d,transformer/batch_only,False
final_run,/home/gvadzabd/cnn/results/final_single_enhancement_kddtest_3ec1e4e235cb_runs/final_single_enhancement_kddtest_3ec1e4e235cb_transformer_batch_only_s0.json,78c7c1c1c94b777f4e79b4d9f9777297a2d0c8fd9bcfd73d8134a6a5bcc62810,transformer/batch_only/seed_0,False
final_run,/home/gvadzabd/cnn/results/final_single_enhancement_kddtest_3ec1e4e235cb_runs/final_single_enhancement_kddtest_3ec1e4e235cb_transformer_batch_only_s1.json,41724d7740f69a6b8ff8a01f82ed82bc10542fbd457de85abb8be611985c72a6,transformer/batch_only/seed_1,False
final_run,/home/gvadzabd/cnn/results/final_single_enhancement_kddtest_3ec1e4e235cb_runs/final_single_enhancement_kddtest_3ec1e4e235cb_transformer_batch_only_s2.json,145ce2a8d7bedfdbf539834ee12b533d3e1455d0d82b8db8021005168a39639c,transformer/batch_only/seed_2,False
oof_protocol,/home/gvadzabd/cnn/results/transformer_balanced_score_scaling_ec9f0f1b0ed6_0e2280cdf2fc_protocol.json,2d57a9d01fb0930ba2bd5f4e3fdcc26573c4d9abf87491ce1a716bea17730896,transformer/focal_batch,False
final_run,/home/gvadzabd/cnn/results/final_baseline_vs_full_kddtest_5f655d7ccb1f_runs/final_baseline_vs_full_kddtest_5f655d7ccb1f_transformer_full_s0.json,24db2b2f54c0977cacabf64b3d9b73e49d75eb4f1112c81758e1349f7e07acf2,transformer/focal_batch/seed_0,False
final_run,/home/gvadzabd/cnn/results/final_baseline_vs_full_kddtest_5f655d7ccb1f_runs/final_baseline_vs_full_kddtest_5f655d7ccb1f_transformer_full_s1.json,85232ddfaddc048e0a23d58827eda869a27e1891bcf127ebcc1c9a66916f6531,transformer/focal_batch/seed_1,False
final_run,/home/gvadzabd/cnn/results/final_baseline_vs_full_kddtest_5f655d7ccb1f_runs/final_baseline_vs_full_kddtest_5f655d7ccb1f_transformer_full_s2.json,8c636a1abc77f69c17c493a9e61b84a112dc72c487369da235dc17f0ee7bb588,transformer/focal_batch/seed_2,False
oof_protocol,/home/gvadzabd/cnn/results/mlp_baseline_cv_756465e5abd4_cd5bf6556f93_protocol.json,57044ccf34dde9a73d069ddd1a623753d7002c0f9d63f032f2a9250f353302a3,mlp/baseline,False
final_run,/home/gvadzabd/cnn/results/final_baseline_vs_full_kddtest_1e17a659cef6_runs/final_baseline_vs_full_kddtest_1e17a659cef6_mlp_baseline_s0.json,7344009e45090352112fb0c07283d748ff01e8841fbeda551aeff7ccc355d45f,mlp/baseline/seed_0,False
final_feature_cache_metadata,/home/gvadzabd/cnn/results/final_baseline_vs_full_kddtest_1e17a659cef6_feature_cache.json,f1b8ba31802b6f12f485f0e002f643dd9332e83d0c09fc192c2b92eb0838d31b,mlp/baseline/seed_0;mlp/baseline/seed_1;mlp/baseline/seed_2;mlp/focal_batch/seed_0;mlp/focal_batch/seed_1;mlp/focal_batch/seed_2,False
final_run,/home/gvadzabd/cnn/results/final_baseline_vs_full_kddtest_1e17a659cef6_runs/final_baseline_vs_full_kddtest_1e17a659cef6_mlp_baseline_s1.json,c83de3f7ef80c3e5f4b5ff30481689283fc6db6cfc01f5f8c76bfabcac71a342,mlp/baseline/seed_1,False
final_run,/home/gvadzabd/cnn/results/final_baseline_vs_full_kddtest_1e17a659cef6_runs/final_baseline_vs_full_kddtest_1e17a659cef6_mlp_baseline_s2.json,ad50fb20d6b997f9ecb88ad22e7e1b4bfdf449b12d66ea769bd5fbd9b176c330,mlp/baseline/seed_2,False
oof_protocol,/home/gvadzabd/cnn/results/mlp_focal_stage1_0d0a1b34a405_protocol.json,6ac54bd06e851d68eb56d43c6869b4000445b2eb57de44a4e70ec3676f33011e,mlp/focal_only,False
focal_best_configuration,/home/gvadzabd/cnn/results/mlp_focal_stage1_0d0a1b34a405_best_config.json,af20e5cae29c667a23b0a8f07d2e18d89d734cf7070b24c694266483eb93cd7f,mlp/focal_only,False
final_run,/home/gvadzabd/cnn/results/final_single_enhancement_kddtest_3ec1e4e235cb_runs/final_single_enhancement_kddtest_3ec1e4e235cb_mlp_focal_only_s0.json,a583f6f788aca5c16cf93a39e55e07632fbc47e8ab0915a96af3e5fb8792d9ee,mlp/focal_only/seed_0,False
final_run,/home/gvadzabd/cnn/results/final_single_enhancement_kddtest_3ec1e4e235cb_runs/final_single_enhancement_kddtest_3ec1e4e235cb_mlp_focal_only_s1.json,bf2ed370cd09c2cd4c32aef31f2faf010d48f8d66b2318c236b5ab499569d63f,mlp/focal_only/seed_1,False
final_run,/home/gvadzabd/cnn/results/final_single_enhancement_kddtest_3ec1e4e235cb_runs/final_single_enhancement_kddtest_3ec1e4e235cb_mlp_focal_only_s2.json,d06aeee3c622e11de410defacf52413fb292afc51e069f468499a0a0d42f23f4,mlp/focal_only/seed_2,False
oof_protocol,/home/gvadzabd/cnn/results/mlp_batch_baseline_cv_69b405b1ec20_413fba70b7ee_protocol.json,9972c2607a5cc94638a75b430c1ee58043c6da40f0825af7f91204784ba0bb60,mlp/batch_only,False
final_run,/home/gvadzabd/cnn/results/final_single_enhancement_kddtest_3ec1e4e235cb_runs/final_single_enhancement_kddtest_3ec1e4e235cb_mlp_batch_only_s0.json,b183b14a9e7dd89c6597d4e03ee998ec58ebeea5ed815fbff4aefbca0a5ae2e8,mlp/batch_only/seed_0,False
final_run,/home/gvadzabd/cnn/results/final_single_enhancement_kddtest_3ec1e4e235cb_runs/final_single_enhancement_kddtest_3ec1e4e235cb_mlp_batch_only_s1.json,ac5c3ca810d2cc1b0e43efc96cd8caba95c343e22f6e43dc70523a59064e70e7,mlp/batch_only/seed_1,False
final_run,/home/gvadzabd/cnn/results/final_single_enhancement_kddtest_3ec1e4e235cb_runs/final_single_enhancement_kddtest_3ec1e4e235cb_mlp_batch_only_s2.json,ce68dab0f6bfd5a02d1c379fd770dff0a3bfe756f8655a8d16d6854608986a11,mlp/batch_only/seed_2,False
oof_protocol,/home/gvadzabd/cnn/results/mlp_balanced_score_scaling_0dce0ce7d82b_b0b94a387fca_protocol.json,85b1b1cdccb13f5a7116cd53f9fda7d675da1227ac101939848c70e77ba89d10,mlp/focal_batch,False
final_run,/home/gvadzabd/cnn/results/final_baseline_vs_full_kddtest_1e17a659cef6_runs/final_baseline_vs_full_kddtest_1e17a659cef6_mlp_full_s0.json,ce5f8a2ae6dd85ce41d0f4b3e858fccbdfd3a5e56265c9a99edc771b2cda04e8,mlp/focal_batch/seed_0,False
final_run,/home/gvadzabd/cnn/results/final_baseline_vs_full_kddtest_1e17a659cef6_runs/final_baseline_vs_full_kddtest_1e17a659cef6_mlp_full_s1.json,362f34c2426d52bc5241297bc356395183bba168f5dbe93dfacf5a99344ed6c7,mlp/focal_batch/seed_1,False
final_run,/home/gvadzabd/cnn/results/final_baseline_vs_full_kddtest_1e17a659cef6_runs/final_baseline_vs_full_kddtest_1e17a659cef6_mlp_full_s2.json,9a25e7fffc1eb023c47a44d391aebfe06bae5220f0e40ee51a08c24dd4e83b4a,mlp/focal_batch/seed_2,False
