partition,architecture,base_training,seed,stored_test_variant,path,sha256,producer_protocol,run_metadata_path,run_metadata_sha256,feature_cache_metadata_path,feature_cache_metadata_sha256,verification_status
oof,conv2d,baseline,0,,/home/gvadzabd/cnn/results/conv2d_baseline_cv_training_a546e5aa0cc7_oof/seed_0_oof_probabilities.npz,7181e6f742837f679a4c0d6a6e8513c31d16f1b9ec96cd7ec8272f43cd653296,/home/gvadzabd/cnn/results/conv2d_baseline_cv_a546e5aa0cc7_a7826a73d09f_protocol.json,,,,,recorded reference; prediction bytes not supplied
oof,conv2d,baseline,1,,/home/gvadzabd/cnn/results/conv2d_baseline_cv_training_a546e5aa0cc7_oof/seed_1_oof_probabilities.npz,31b7a5a61e880469f53794e668c84944cfd88d2b372917d20fc2d678db429fc1,/home/gvadzabd/cnn/results/conv2d_baseline_cv_a546e5aa0cc7_a7826a73d09f_protocol.json,,,,,recorded reference; prediction bytes not supplied
oof,conv2d,baseline,2,,/home/gvadzabd/cnn/results/conv2d_baseline_cv_training_a546e5aa0cc7_oof/seed_2_oof_probabilities.npz,320152c4faf62e55bd00c6a325b716004b316dc3134ae873fe5f32338d4a9fc8,/home/gvadzabd/cnn/results/conv2d_baseline_cv_a546e5aa0cc7_a7826a73d09f_protocol.json,,,,,recorded reference; prediction bytes not supplied
kddtest,conv2d,baseline,0,baseline,/home/gvadzabd/cnn/results/final_baseline_vs_full_kddtest_f1fce59e8498_predictions/final_baseline_vs_full_kddtest_f1fce59e8498_conv2d_baseline_s0.npz,b92c332b6936955e2546d9d98d6acc079593fb46e653e1dc05ed44f6f36e6c9b,/home/gvadzabd/cnn/results/final_baseline_vs_full_kddtest_f1fce59e8498_protocol.json,/home/gvadzabd/cnn/results/final_baseline_vs_full_kddtest_f1fce59e8498_runs/final_baseline_vs_full_kddtest_f1fce59e8498_conv2d_baseline_s0.json,c58bedf41d83ec93cf85e28af9a594738b959b2fed125b667f4ea544d3926ac7,/home/gvadzabd/cnn/results/final_baseline_vs_full_kddtest_f1fce59e8498_feature_cache.json,b6c3145c5567ab0e719242d5566533c57e0c2b6563ed2367c17545a251a7e75a,recorded reference; prediction/run/cache bytes not supplied
kddtest,conv2d,baseline,1,baseline,/home/gvadzabd/cnn/results/final_baseline_vs_full_kddtest_f1fce59e8498_predictions/final_baseline_vs_full_kddtest_f1fce59e8498_conv2d_baseline_s1.npz,b21684e45f115817afbd4f8ec172d95f35b37ef62562eb73ea08571dae40886d,/home/gvadzabd/cnn/results/final_baseline_vs_full_kddtest_f1fce59e8498_protocol.json,/home/gvadzabd/cnn/results/final_baseline_vs_full_kddtest_f1fce59e8498_runs/final_baseline_vs_full_kddtest_f1fce59e8498_conv2d_baseline_s1.json,4f66f4cd246eaeb01c4d0f4a51f0b6e2daa3b27149d24a70729c261704c2ecb3,/home/gvadzabd/cnn/results/final_baseline_vs_full_kddtest_f1fce59e8498_feature_cache.json,b6c3145c5567ab0e719242d5566533c57e0c2b6563ed2367c17545a251a7e75a,recorded reference; prediction/run/cache bytes not supplied
kddtest,conv2d,baseline,2,baseline,/home/gvadzabd/cnn/results/final_baseline_vs_full_kddtest_f1fce59e8498_predictions/final_baseline_vs_full_kddtest_f1fce59e8498_conv2d_baseline_s2.npz,2d04e1ee63115dcd6a5107dc7fbccfaaed223aabb429f7549a3f00713dba20db,/home/gvadzabd/cnn/results/final_baseline_vs_full_kddtest_f1fce59e8498_protocol.json,/home/gvadzabd/cnn/results/final_baseline_vs_full_kddtest_f1fce59e8498_runs/final_baseline_vs_full_kddtest_f1fce59e8498_conv2d_baseline_s2.json,fd5fda7b84702ba206e8ee14b5b2e43111c29ad2bcf717daa03b0ab466791c3a,/home/gvadzabd/cnn/results/final_baseline_vs_full_kddtest_f1fce59e8498_feature_cache.json,b6c3145c5567ab0e719242d5566533c57e0c2b6563ed2367c17545a251a7e75a,recorded reference; prediction/run/cache bytes not supplied
oof,conv2d,focal_only,0,,/home/gvadzabd/cnn/results/conv2d_focal_stage1_e85df7f4e441_oof/b0p99_g0p5_8f326cecd7_s0_oof_predictions.npz,576523c87982465583693444f61c9f49cf6d7eb577dc99f975de0a5e44a28afb,/home/gvadzabd/cnn/results/conv2d_focal_stage1_e85df7f4e441_protocol.json,,,,,recorded reference; prediction bytes not supplied
oof,conv2d,focal_only,1,,/home/gvadzabd/cnn/results/conv2d_focal_stage1_e85df7f4e441_oof/b0p99_g0p5_8f326cecd7_s1_oof_predictions.npz,ce53fb1281908e8904f9acc36e85d19f54a36fce56d0abc55412a832f8d935b7,/home/gvadzabd/cnn/results/conv2d_focal_stage1_e85df7f4e441_protocol.json,,,,,recorded reference; prediction bytes not supplied
oof,conv2d,focal_only,2,,/home/gvadzabd/cnn/results/conv2d_focal_stage1_e85df7f4e441_oof/b0p99_g0p5_8f326cecd7_s2_oof_predictions.npz,14e71d19d32fdd73baebf791b478d61fcefd84b20858ea7d1efc58d54efb7c38,/home/gvadzabd/cnn/results/conv2d_focal_stage1_e85df7f4e441_protocol.json,,,,,recorded reference; prediction bytes not supplied
kddtest,conv2d,focal_only,0,focal_only,/home/gvadzabd/cnn/results/final_single_enhancement_kddtest_3ec1e4e235cb_predictions/final_single_enhancement_kddtest_3ec1e4e235cb_conv2d_focal_only_s0.npz,2dc8c0221f86a826e2f7639cf9fc1e2d3d1277c359bb5c79085d52351d7757cd,/home/gvadzabd/cnn/results/final_single_enhancement_kddtest_3ec1e4e235cb_protocol.json,/home/gvadzabd/cnn/results/final_single_enhancement_kddtest_3ec1e4e235cb_runs/final_single_enhancement_kddtest_3ec1e4e235cb_conv2d_focal_only_s0.json,4e521b7f84962d8c283dc37b2505f6b729b89244965a85e3d92c405937a30e87,/home/gvadzabd/cnn/results/final_single_enhancement_kddtest_3ec1e4e235cb_feature_cache.json,36b247e3b51d345498563051c449dafd4b41af6a621ccd9aec224d2a3846a8b0,recorded reference; prediction/run/cache bytes not supplied
kddtest,conv2d,focal_only,1,focal_only,/home/gvadzabd/cnn/results/final_single_enhancement_kddtest_3ec1e4e235cb_predictions/final_single_enhancement_kddtest_3ec1e4e235cb_conv2d_focal_only_s1.npz,e40fda7761d5e8ec48891a376b0be1fb526ae19d3a9802061ce79f252d8a5cc0,/home/gvadzabd/cnn/results/final_single_enhancement_kddtest_3ec1e4e235cb_protocol.json,/home/gvadzabd/cnn/results/final_single_enhancement_kddtest_3ec1e4e235cb_runs/final_single_enhancement_kddtest_3ec1e4e235cb_conv2d_focal_only_s1.json,67e485fbeaef5bb1d3f197be2785267087d99a9e9323d575ff99ef44303f9121,/home/gvadzabd/cnn/results/final_single_enhancement_kddtest_3ec1e4e235cb_feature_cache.json,36b247e3b51d345498563051c449dafd4b41af6a621ccd9aec224d2a3846a8b0,recorded reference; prediction/run/cache bytes not supplied
kddtest,conv2d,focal_only,2,focal_only,/home/gvadzabd/cnn/results/final_single_enhancement_kddtest_3ec1e4e235cb_predictions/final_single_enhancement_kddtest_3ec1e4e235cb_conv2d_focal_only_s2.npz,876f7e521a9b36120d27a3c2270746db8591cf220ec2a639daab17399bb418fd,/home/gvadzabd/cnn/results/final_single_enhancement_kddtest_3ec1e4e235cb_protocol.json,/home/gvadzabd/cnn/results/final_single_enhancement_kddtest_3ec1e4e235cb_runs/final_single_enhancement_kddtest_3ec1e4e235cb_conv2d_focal_only_s2.json,0e252e0eb66315a0d691132cd27a5d4828ba430cba895d15e771b44ad91b02f5,/home/gvadzabd/cnn/results/final_single_enhancement_kddtest_3ec1e4e235cb_feature_cache.json,36b247e3b51d345498563051c449dafd4b41af6a621ccd9aec224d2a3846a8b0,recorded reference; prediction/run/cache bytes not supplied
oof,conv2d,batch_only,0,,/home/gvadzabd/cnn/results/conv2d_batch_baseline_cv_training_920c07cf4023_oof/seed_0_oof_probabilities.npz,2bbc50200fd7982a95cecba1ba486d6fbb82c37803572c752c79eb2a5f4ae526,/home/gvadzabd/cnn/results/conv2d_batch_baseline_cv_920c07cf4023_2835a5544c02_protocol.json,,,,,recorded reference; prediction bytes not supplied
oof,conv2d,batch_only,1,,/home/gvadzabd/cnn/results/conv2d_batch_baseline_cv_training_920c07cf4023_oof/seed_1_oof_probabilities.npz,debbe639842ec21f3a860e0b40ecf4333f475865a33c36bf25581311773906c7,/home/gvadzabd/cnn/results/conv2d_batch_baseline_cv_920c07cf4023_2835a5544c02_protocol.json,,,,,recorded reference; prediction bytes not supplied
oof,conv2d,batch_only,2,,/home/gvadzabd/cnn/results/conv2d_batch_baseline_cv_training_920c07cf4023_oof/seed_2_oof_probabilities.npz,8fc2bd5a8e80bf8c83c6ac190c8a45a83bbea32b5bd08ba2a0df26e545306788,/home/gvadzabd/cnn/results/conv2d_batch_baseline_cv_920c07cf4023_2835a5544c02_protocol.json,,,,,recorded reference; prediction bytes not supplied
kddtest,conv2d,batch_only,0,batch_only,/home/gvadzabd/cnn/results/final_single_enhancement_kddtest_3ec1e4e235cb_predictions/final_single_enhancement_kddtest_3ec1e4e235cb_conv2d_batch_only_s0.npz,54950a5e377a936f9b8c9ab4dec83a55fe9557dcaaee446367048ac725c55b0a,/home/gvadzabd/cnn/results/final_single_enhancement_kddtest_3ec1e4e235cb_protocol.json,/home/gvadzabd/cnn/results/final_single_enhancement_kddtest_3ec1e4e235cb_runs/final_single_enhancement_kddtest_3ec1e4e235cb_conv2d_batch_only_s0.json,95102389b192b03952a4a73070c6e56243b2bb958645506b3764a4556e31aeeb,/home/gvadzabd/cnn/results/final_single_enhancement_kddtest_3ec1e4e235cb_feature_cache.json,36b247e3b51d345498563051c449dafd4b41af6a621ccd9aec224d2a3846a8b0,recorded reference; prediction/run/cache bytes not supplied
kddtest,conv2d,batch_only,1,batch_only,/home/gvadzabd/cnn/results/final_single_enhancement_kddtest_3ec1e4e235cb_predictions/final_single_enhancement_kddtest_3ec1e4e235cb_conv2d_batch_only_s1.npz,2e8d267fc869c9395f6546f63826170c174d96a7c8ee5cbecf92a673dabb88be,/home/gvadzabd/cnn/results/final_single_enhancement_kddtest_3ec1e4e235cb_protocol.json,/home/gvadzabd/cnn/results/final_single_enhancement_kddtest_3ec1e4e235cb_runs/final_single_enhancement_kddtest_3ec1e4e235cb_conv2d_batch_only_s1.json,a01e35ce317bb98ee466602e459596d19f7f626371b5ac9b719f66d00c8bd1bb,/home/gvadzabd/cnn/results/final_single_enhancement_kddtest_3ec1e4e235cb_feature_cache.json,36b247e3b51d345498563051c449dafd4b41af6a621ccd9aec224d2a3846a8b0,recorded reference; prediction/run/cache bytes not supplied
kddtest,conv2d,batch_only,2,batch_only,/home/gvadzabd/cnn/results/final_single_enhancement_kddtest_3ec1e4e235cb_predictions/final_single_enhancement_kddtest_3ec1e4e235cb_conv2d_batch_only_s2.npz,a0dd8f05832d12ad3f0c94e1ad7c4e80b1cdcb40f8409cb19ad93b3d1c299545,/home/gvadzabd/cnn/results/final_single_enhancement_kddtest_3ec1e4e235cb_protocol.json,/home/gvadzabd/cnn/results/final_single_enhancement_kddtest_3ec1e4e235cb_runs/final_single_enhancement_kddtest_3ec1e4e235cb_conv2d_batch_only_s2.json,8e469a3ef028fc9644a65986be36c5c08fc8e4c6d530fbf62eb33b67ebbcb257,/home/gvadzabd/cnn/results/final_single_enhancement_kddtest_3ec1e4e235cb_feature_cache.json,36b247e3b51d345498563051c449dafd4b41af6a621ccd9aec224d2a3846a8b0,recorded reference; prediction/run/cache bytes not supplied
oof,conv2d,focal_batch,0,,/home/gvadzabd/cnn/results/conv2d_balanced_score_scaling_training_fd9c49713960_oof/seed_0_oof_probabilities.npz,d26b708381a4f82f6a6dfd70be7f9ac9c8e1d079fe4fd1331bdb2b20346ef9ee,/home/gvadzabd/cnn/results/conv2d_balanced_score_scaling_fd9c49713960_b3492ee05c0a_protocol.json,,,,,recorded reference; prediction bytes not supplied
oof,conv2d,focal_batch,1,,/home/gvadzabd/cnn/results/conv2d_balanced_score_scaling_training_fd9c49713960_oof/seed_1_oof_probabilities.npz,7d27563ffd0c2df480b63aa5e6cb101138c0d544c3402e6e2eb43fa1e7df7d0a,/home/gvadzabd/cnn/results/conv2d_balanced_score_scaling_fd9c49713960_b3492ee05c0a_protocol.json,,,,,recorded reference; prediction bytes not supplied
oof,conv2d,focal_batch,2,,/home/gvadzabd/cnn/results/conv2d_balanced_score_scaling_training_fd9c49713960_oof/seed_2_oof_probabilities.npz,1ccbc7e2427d44501bc59ec1a6619d97c1564fcd62e1825c18780a171cd4cdbc,/home/gvadzabd/cnn/results/conv2d_balanced_score_scaling_fd9c49713960_b3492ee05c0a_protocol.json,,,,,recorded reference; prediction bytes not supplied
kddtest,conv2d,focal_batch,0,full,/home/gvadzabd/cnn/results/final_baseline_vs_full_kddtest_f1fce59e8498_predictions/final_baseline_vs_full_kddtest_f1fce59e8498_conv2d_full_s0.npz,c8d07c21a5bf9f6f1bd882081483b1dcecf835a65bee7bb207257ceb163dab45,/home/gvadzabd/cnn/results/final_baseline_vs_full_kddtest_f1fce59e8498_protocol.json,/home/gvadzabd/cnn/results/final_baseline_vs_full_kddtest_f1fce59e8498_runs/final_baseline_vs_full_kddtest_f1fce59e8498_conv2d_full_s0.json,1880ed9740d2a3250d1cb097cc624c8b6444a6c142af4071d9f0029214ae7d2e,/home/gvadzabd/cnn/results/final_baseline_vs_full_kddtest_f1fce59e8498_feature_cache.json,b6c3145c5567ab0e719242d5566533c57e0c2b6563ed2367c17545a251a7e75a,recorded reference; prediction/run/cache bytes not supplied
kddtest,conv2d,focal_batch,1,full,/home/gvadzabd/cnn/results/final_baseline_vs_full_kddtest_f1fce59e8498_predictions/final_baseline_vs_full_kddtest_f1fce59e8498_conv2d_full_s1.npz,e8069c29028abd493e3e152ed2ca31b54975a96d9f0a825334dad7c7ace9d3d5,/home/gvadzabd/cnn/results/final_baseline_vs_full_kddtest_f1fce59e8498_protocol.json,/home/gvadzabd/cnn/results/final_baseline_vs_full_kddtest_f1fce59e8498_runs/final_baseline_vs_full_kddtest_f1fce59e8498_conv2d_full_s1.json,508fab30e9fda976464276465c27d11e81cc6e4416fcfc78e4b1700387f93f6b,/home/gvadzabd/cnn/results/final_baseline_vs_full_kddtest_f1fce59e8498_feature_cache.json,b6c3145c5567ab0e719242d5566533c57e0c2b6563ed2367c17545a251a7e75a,recorded reference; prediction/run/cache bytes not supplied
kddtest,conv2d,focal_batch,2,full,/home/gvadzabd/cnn/results/final_baseline_vs_full_kddtest_f1fce59e8498_predictions/final_baseline_vs_full_kddtest_f1fce59e8498_conv2d_full_s2.npz,e47aeed80dda80e2e60b8c1d72c3f873172008af4d0b95eaa5c31420f99b994e,/home/gvadzabd/cnn/results/final_baseline_vs_full_kddtest_f1fce59e8498_protocol.json,/home/gvadzabd/cnn/results/final_baseline_vs_full_kddtest_f1fce59e8498_runs/final_baseline_vs_full_kddtest_f1fce59e8498_conv2d_full_s2.json,f40e0c4c5ccc3348dc5b245ea9f007304481320c5f08949b03e557d8c0a17d54,/home/gvadzabd/cnn/results/final_baseline_vs_full_kddtest_f1fce59e8498_feature_cache.json,b6c3145c5567ab0e719242d5566533c57e0c2b6563ed2367c17545a251a7e75a,recorded reference; prediction/run/cache bytes not supplied
oof,conv1d,baseline,0,,/home/gvadzabd/cnn/results/conv1d_baseline_cv_training_3791c3caba4e_oof/seed_0_oof_probabilities.npz,f0e54b4366a1bd6ba98cb2f003d0f5ceca2f951f17c043da16fbb94769eef80e,/home/gvadzabd/cnn/results/conv1d_baseline_cv_3791c3caba4e_c6c41fe0030b_protocol.json,,,,,recorded reference; prediction bytes not supplied
oof,conv1d,baseline,1,,/home/gvadzabd/cnn/results/conv1d_baseline_cv_training_3791c3caba4e_oof/seed_1_oof_probabilities.npz,71c925d1fe8e15467e680cc6ce94a5a08505c94d1b1d23ab61250456101c2e36,/home/gvadzabd/cnn/results/conv1d_baseline_cv_3791c3caba4e_c6c41fe0030b_protocol.json,,,,,recorded reference; prediction bytes not supplied
oof,conv1d,baseline,2,,/home/gvadzabd/cnn/results/conv1d_baseline_cv_training_3791c3caba4e_oof/seed_2_oof_probabilities.npz,72ab82e2b7cbdf627a2d938a6bf714421eff0917d774a0f1fb05761ea0332752,/home/gvadzabd/cnn/results/conv1d_baseline_cv_3791c3caba4e_c6c41fe0030b_protocol.json,,,,,recorded reference; prediction bytes not supplied
kddtest,conv1d,baseline,0,baseline,/home/gvadzabd/cnn/results/final_baseline_vs_full_kddtest_8cd98c1c3a8c_predictions/final_baseline_vs_full_kddtest_8cd98c1c3a8c_conv1d_baseline_s0.npz,c818c1c262fd191c9f243c193c8c520fc222848d4462aa46d556e1a368de2bc0,/home/gvadzabd/cnn/results/final_baseline_vs_full_kddtest_8cd98c1c3a8c_protocol.json,/home/gvadzabd/cnn/results/final_baseline_vs_full_kddtest_8cd98c1c3a8c_runs/final_baseline_vs_full_kddtest_8cd98c1c3a8c_conv1d_baseline_s0.json,6f519766511694972214cbdbc9e46cb169077a2df61bc8deb00b70cfa1840da9,/home/gvadzabd/cnn/results/final_baseline_vs_full_kddtest_8cd98c1c3a8c_feature_cache.json,cd20db2f53807bd853935c68c00752f3276ad66d5280e68cf8dd96eba72fd51a,recorded reference; prediction/run/cache bytes not supplied
kddtest,conv1d,baseline,1,baseline,/home/gvadzabd/cnn/results/final_baseline_vs_full_kddtest_8cd98c1c3a8c_predictions/final_baseline_vs_full_kddtest_8cd98c1c3a8c_conv1d_baseline_s1.npz,ac675eb199c4e8d0b0681a6dc81f0efe7dba5f92e6aa7c8862f53a99f2bc06fc,/home/gvadzabd/cnn/results/final_baseline_vs_full_kddtest_8cd98c1c3a8c_protocol.json,/home/gvadzabd/cnn/results/final_baseline_vs_full_kddtest_8cd98c1c3a8c_runs/final_baseline_vs_full_kddtest_8cd98c1c3a8c_conv1d_baseline_s1.json,add0558057f6135fa34b44be16fcc985681f11e591f1d7d71289e1823ccdb04c,/home/gvadzabd/cnn/results/final_baseline_vs_full_kddtest_8cd98c1c3a8c_feature_cache.json,cd20db2f53807bd853935c68c00752f3276ad66d5280e68cf8dd96eba72fd51a,recorded reference; prediction/run/cache bytes not supplied
kddtest,conv1d,baseline,2,baseline,/home/gvadzabd/cnn/results/final_baseline_vs_full_kddtest_8cd98c1c3a8c_predictions/final_baseline_vs_full_kddtest_8cd98c1c3a8c_conv1d_baseline_s2.npz,e7c7d1a67e34829c9c9f4f4ff1f2489a1546bdc9612bcf0635cfe4ab4c529e9f,/home/gvadzabd/cnn/results/final_baseline_vs_full_kddtest_8cd98c1c3a8c_protocol.json,/home/gvadzabd/cnn/results/final_baseline_vs_full_kddtest_8cd98c1c3a8c_runs/final_baseline_vs_full_kddtest_8cd98c1c3a8c_conv1d_baseline_s2.json,d708f87c6e5cb9b207a2745369e04d6d383ee0c32ff6501b144d4a236375f4b4,/home/gvadzabd/cnn/results/final_baseline_vs_full_kddtest_8cd98c1c3a8c_feature_cache.json,cd20db2f53807bd853935c68c00752f3276ad66d5280e68cf8dd96eba72fd51a,recorded reference; prediction/run/cache bytes not supplied
oof,conv1d,focal_only,0,,/home/gvadzabd/cnn/results/conv1d_focal_stage1_e384e5a86c3f_oof/b0p99_g0p25_53d7b2d21d_s0_oof_predictions.npz,c0831c9168815417899997329ad89315655890def64faee84e48417afc9e0952,/home/gvadzabd/cnn/results/conv1d_focal_stage1_e384e5a86c3f_protocol.json,,,,,recorded reference; prediction bytes not supplied
oof,conv1d,focal_only,1,,/home/gvadzabd/cnn/results/conv1d_focal_stage1_e384e5a86c3f_oof/b0p99_g0p25_53d7b2d21d_s1_oof_predictions.npz,69763d62e20218ab816b41be245a14abb6d611d8f1d2f0fe60be450b6b2e89bd,/home/gvadzabd/cnn/results/conv1d_focal_stage1_e384e5a86c3f_protocol.json,,,,,recorded reference; prediction bytes not supplied
oof,conv1d,focal_only,2,,/home/gvadzabd/cnn/results/conv1d_focal_stage1_e384e5a86c3f_oof/b0p99_g0p25_53d7b2d21d_s2_oof_predictions.npz,9fadb5d2da6cdd757001c901a266b1e058270e4a2bf0c0299fe00c883d2da5c8,/home/gvadzabd/cnn/results/conv1d_focal_stage1_e384e5a86c3f_protocol.json,,,,,recorded reference; prediction bytes not supplied
kddtest,conv1d,focal_only,0,focal_only,/home/gvadzabd/cnn/results/final_single_enhancement_kddtest_3ec1e4e235cb_predictions/final_single_enhancement_kddtest_3ec1e4e235cb_conv1d_focal_only_s0.npz,6dc19d9416cb491b9da042c86c1e3282a096ab63fa16c5b6e5e526746e0aecf8,/home/gvadzabd/cnn/results/final_single_enhancement_kddtest_3ec1e4e235cb_protocol.json,/home/gvadzabd/cnn/results/final_single_enhancement_kddtest_3ec1e4e235cb_runs/final_single_enhancement_kddtest_3ec1e4e235cb_conv1d_focal_only_s0.json,bb1083163a2444811b89778a6ac272391b148378e178f162f4abb885db7e412b,/home/gvadzabd/cnn/results/final_single_enhancement_kddtest_3ec1e4e235cb_feature_cache.json,36b247e3b51d345498563051c449dafd4b41af6a621ccd9aec224d2a3846a8b0,recorded reference; prediction/run/cache bytes not supplied
kddtest,conv1d,focal_only,1,focal_only,/home/gvadzabd/cnn/results/final_single_enhancement_kddtest_3ec1e4e235cb_predictions/final_single_enhancement_kddtest_3ec1e4e235cb_conv1d_focal_only_s1.npz,ac8bd7f677f5ca975069974ae17e1b39ed227ee104fb9795a751a972f2c5745a,/home/gvadzabd/cnn/results/final_single_enhancement_kddtest_3ec1e4e235cb_protocol.json,/home/gvadzabd/cnn/results/final_single_enhancement_kddtest_3ec1e4e235cb_runs/final_single_enhancement_kddtest_3ec1e4e235cb_conv1d_focal_only_s1.json,fe3a6aba9a148474c5219a5c72d6979f972240e68a49ee2c167e0a7d81f669ec,/home/gvadzabd/cnn/results/final_single_enhancement_kddtest_3ec1e4e235cb_feature_cache.json,36b247e3b51d345498563051c449dafd4b41af6a621ccd9aec224d2a3846a8b0,recorded reference; prediction/run/cache bytes not supplied
kddtest,conv1d,focal_only,2,focal_only,/home/gvadzabd/cnn/results/final_single_enhancement_kddtest_3ec1e4e235cb_predictions/final_single_enhancement_kddtest_3ec1e4e235cb_conv1d_focal_only_s2.npz,ae2a197308655d32d0595c0e7bf563b81b1037250efb587340538470f6ad2a9e,/home/gvadzabd/cnn/results/final_single_enhancement_kddtest_3ec1e4e235cb_protocol.json,/home/gvadzabd/cnn/results/final_single_enhancement_kddtest_3ec1e4e235cb_runs/final_single_enhancement_kddtest_3ec1e4e235cb_conv1d_focal_only_s2.json,04de5ba5ed3bcdf0c191f8045dc69a207f4256e662d44f6a4ad5d114f3b37b1d,/home/gvadzabd/cnn/results/final_single_enhancement_kddtest_3ec1e4e235cb_feature_cache.json,36b247e3b51d345498563051c449dafd4b41af6a621ccd9aec224d2a3846a8b0,recorded reference; prediction/run/cache bytes not supplied
oof,conv1d,batch_only,0,,/home/gvadzabd/cnn/results/conv1d_batch_baseline_cv_training_71dbe8728273_oof/seed_0_oof_probabilities.npz,6b6a9b196b5ce46123a82abb2a7bdceea892ceafb2e50ab3fba333e37276be91,/home/gvadzabd/cnn/results/conv1d_batch_baseline_cv_71dbe8728273_dc2fef863a37_protocol.json,,,,,recorded reference; prediction bytes not supplied
oof,conv1d,batch_only,1,,/home/gvadzabd/cnn/results/conv1d_batch_baseline_cv_training_71dbe8728273_oof/seed_1_oof_probabilities.npz,12abd227be33e5dd42da96e2f27f5b7d9ab669f17e2cc4a71a3ac4eba73f392f,/home/gvadzabd/cnn/results/conv1d_batch_baseline_cv_71dbe8728273_dc2fef863a37_protocol.json,,,,,recorded reference; prediction bytes not supplied
oof,conv1d,batch_only,2,,/home/gvadzabd/cnn/results/conv1d_batch_baseline_cv_training_71dbe8728273_oof/seed_2_oof_probabilities.npz,b636b08ae3bcff777a6fddc73a9f63df5ac0542e348784fad740c9200dce1c97,/home/gvadzabd/cnn/results/conv1d_batch_baseline_cv_71dbe8728273_dc2fef863a37_protocol.json,,,,,recorded reference; prediction bytes not supplied
kddtest,conv1d,batch_only,0,batch_only,/home/gvadzabd/cnn/results/final_single_enhancement_kddtest_3ec1e4e235cb_predictions/final_single_enhancement_kddtest_3ec1e4e235cb_conv1d_batch_only_s0.npz,e63a08e08f31cf155d24cddb82df5c6739ea18c22ea5eddceb62edec3877ae3a,/home/gvadzabd/cnn/results/final_single_enhancement_kddtest_3ec1e4e235cb_protocol.json,/home/gvadzabd/cnn/results/final_single_enhancement_kddtest_3ec1e4e235cb_runs/final_single_enhancement_kddtest_3ec1e4e235cb_conv1d_batch_only_s0.json,762fde4863e37e3c1da58cf6284e4b68e8ee1449863fb6654a4f4c0703065ffb,/home/gvadzabd/cnn/results/final_single_enhancement_kddtest_3ec1e4e235cb_feature_cache.json,36b247e3b51d345498563051c449dafd4b41af6a621ccd9aec224d2a3846a8b0,recorded reference; prediction/run/cache bytes not supplied
kddtest,conv1d,batch_only,1,batch_only,/home/gvadzabd/cnn/results/final_single_enhancement_kddtest_3ec1e4e235cb_predictions/final_single_enhancement_kddtest_3ec1e4e235cb_conv1d_batch_only_s1.npz,c6038fdbc5040d60b25b15cd13aab870dcacfc13e02e8aa644dadfd422ab6f36,/home/gvadzabd/cnn/results/final_single_enhancement_kddtest_3ec1e4e235cb_protocol.json,/home/gvadzabd/cnn/results/final_single_enhancement_kddtest_3ec1e4e235cb_runs/final_single_enhancement_kddtest_3ec1e4e235cb_conv1d_batch_only_s1.json,aeac78bb54a3561f025a23ff61339771db0909580f25fa80a4a6b94eeeafb424,/home/gvadzabd/cnn/results/final_single_enhancement_kddtest_3ec1e4e235cb_feature_cache.json,36b247e3b51d345498563051c449dafd4b41af6a621ccd9aec224d2a3846a8b0,recorded reference; prediction/run/cache bytes not supplied
kddtest,conv1d,batch_only,2,batch_only,/home/gvadzabd/cnn/results/final_single_enhancement_kddtest_3ec1e4e235cb_predictions/final_single_enhancement_kddtest_3ec1e4e235cb_conv1d_batch_only_s2.npz,542c62865def50cac0d066a912c4f4a8ee19f458112f931ca8e9aeb064bbd03a,/home/gvadzabd/cnn/results/final_single_enhancement_kddtest_3ec1e4e235cb_protocol.json,/home/gvadzabd/cnn/results/final_single_enhancement_kddtest_3ec1e4e235cb_runs/final_single_enhancement_kddtest_3ec1e4e235cb_conv1d_batch_only_s2.json,e1452865e017e2c38c76e62ad6595a69a4367197e02674595e02cc9de1d19a35,/home/gvadzabd/cnn/results/final_single_enhancement_kddtest_3ec1e4e235cb_feature_cache.json,36b247e3b51d345498563051c449dafd4b41af6a621ccd9aec224d2a3846a8b0,recorded reference; prediction/run/cache bytes not supplied
oof,conv1d,focal_batch,0,,/home/gvadzabd/cnn/results/conv1d_balanced_score_scaling_training_da3be350aa19_oof/seed_0_oof_probabilities.npz,dbfc18423655a4359896723fa9d8fadf8300cafce0e96cabd184b89967583b4a,/home/gvadzabd/cnn/results/conv1d_balanced_score_scaling_da3be350aa19_3f50cce15e20_protocol.json,,,,,recorded reference; prediction bytes not supplied
oof,conv1d,focal_batch,1,,/home/gvadzabd/cnn/results/conv1d_balanced_score_scaling_training_da3be350aa19_oof/seed_1_oof_probabilities.npz,92ccd55b8bc285df03ad77c6d8df0545a6f7d63961375d8409dfb0e99b5ccd05,/home/gvadzabd/cnn/results/conv1d_balanced_score_scaling_da3be350aa19_3f50cce15e20_protocol.json,,,,,recorded reference; prediction bytes not supplied
oof,conv1d,focal_batch,2,,/home/gvadzabd/cnn/results/conv1d_balanced_score_scaling_training_da3be350aa19_oof/seed_2_oof_probabilities.npz,b237dda6ba6eec3fa9cac6c3a98e19b93284cb44601223d36a78de6dcd187def,/home/gvadzabd/cnn/results/conv1d_balanced_score_scaling_da3be350aa19_3f50cce15e20_protocol.json,,,,,recorded reference; prediction bytes not supplied
kddtest,conv1d,focal_batch,0,full,/home/gvadzabd/cnn/results/final_baseline_vs_full_kddtest_8cd98c1c3a8c_predictions/final_baseline_vs_full_kddtest_8cd98c1c3a8c_conv1d_full_s0.npz,6ba885698767c5e8a52fa0860b1f7e0402af80c5de65c9accc9d80754245727d,/home/gvadzabd/cnn/results/final_baseline_vs_full_kddtest_8cd98c1c3a8c_protocol.json,/home/gvadzabd/cnn/results/final_baseline_vs_full_kddtest_8cd98c1c3a8c_runs/final_baseline_vs_full_kddtest_8cd98c1c3a8c_conv1d_full_s0.json,93f201c0f90dc83b519c8dc39df20f046d5137ce0faadbd6205a517ba2253382,/home/gvadzabd/cnn/results/final_baseline_vs_full_kddtest_8cd98c1c3a8c_feature_cache.json,cd20db2f53807bd853935c68c00752f3276ad66d5280e68cf8dd96eba72fd51a,recorded reference; prediction/run/cache bytes not supplied
kddtest,conv1d,focal_batch,1,full,/home/gvadzabd/cnn/results/final_baseline_vs_full_kddtest_8cd98c1c3a8c_predictions/final_baseline_vs_full_kddtest_8cd98c1c3a8c_conv1d_full_s1.npz,8a9db1e79bdff3cfa32be7837c77f9b185b5f2de7a61950836b561d4323e44f3,/home/gvadzabd/cnn/results/final_baseline_vs_full_kddtest_8cd98c1c3a8c_protocol.json,/home/gvadzabd/cnn/results/final_baseline_vs_full_kddtest_8cd98c1c3a8c_runs/final_baseline_vs_full_kddtest_8cd98c1c3a8c_conv1d_full_s1.json,284ad5625044734e990ffdb2c347a79f74c6ac1512ed1a68e7179b4fae8695aa,/home/gvadzabd/cnn/results/final_baseline_vs_full_kddtest_8cd98c1c3a8c_feature_cache.json,cd20db2f53807bd853935c68c00752f3276ad66d5280e68cf8dd96eba72fd51a,recorded reference; prediction/run/cache bytes not supplied
kddtest,conv1d,focal_batch,2,full,/home/gvadzabd/cnn/results/final_baseline_vs_full_kddtest_8cd98c1c3a8c_predictions/final_baseline_vs_full_kddtest_8cd98c1c3a8c_conv1d_full_s2.npz,6146d87773de736827e1b2b514fe3fecb96467e83c4e352a993190dfc88c155a,/home/gvadzabd/cnn/results/final_baseline_vs_full_kddtest_8cd98c1c3a8c_protocol.json,/home/gvadzabd/cnn/results/final_baseline_vs_full_kddtest_8cd98c1c3a8c_runs/final_baseline_vs_full_kddtest_8cd98c1c3a8c_conv1d_full_s2.json,c828cbf37dc14bfc55a6023c8a1119640ccaaa23cea5dd8a2bd679df0b6181ff,/home/gvadzabd/cnn/results/final_baseline_vs_full_kddtest_8cd98c1c3a8c_feature_cache.json,cd20db2f53807bd853935c68c00752f3276ad66d5280e68cf8dd96eba72fd51a,recorded reference; prediction/run/cache bytes not supplied
oof,transformer,baseline,0,,/home/gvadzabd/cnn/results/transformer_baseline_cv_training_318ef61e45ed_oof/seed_0_oof_probabilities.npz,41aab0d5c98634513d5bf72d4485775b11be4b0b975ef441099b4fed53386523,/home/gvadzabd/cnn/results/transformer_baseline_cv_318ef61e45ed_0ce71628ff4f_protocol.json,,,,,recorded reference; prediction bytes not supplied
oof,transformer,baseline,1,,/home/gvadzabd/cnn/results/transformer_baseline_cv_training_318ef61e45ed_oof/seed_1_oof_probabilities.npz,9d8c8285597f6a21178bbaeaba092dbd1866b0131dfa0fb7c96a40a8d2d4c229,/home/gvadzabd/cnn/results/transformer_baseline_cv_318ef61e45ed_0ce71628ff4f_protocol.json,,,,,recorded reference; prediction bytes not supplied
oof,transformer,baseline,2,,/home/gvadzabd/cnn/results/transformer_baseline_cv_training_318ef61e45ed_oof/seed_2_oof_probabilities.npz,29eec892776e725f83b59de9d86b49ce8925c9754ca5dccc81073488da07f447,/home/gvadzabd/cnn/results/transformer_baseline_cv_318ef61e45ed_0ce71628ff4f_protocol.json,,,,,recorded reference; prediction bytes not supplied
kddtest,transformer,baseline,0,baseline,/home/gvadzabd/cnn/results/final_baseline_vs_full_kddtest_5f655d7ccb1f_predictions/final_baseline_vs_full_kddtest_5f655d7ccb1f_transformer_baseline_s0.npz,a69068c53541094d0cd04e905067419f3fb9cdefe203ddfc47313f5d39ce979e,/home/gvadzabd/cnn/results/final_baseline_vs_full_kddtest_5f655d7ccb1f_protocol.json,/home/gvadzabd/cnn/results/final_baseline_vs_full_kddtest_5f655d7ccb1f_runs/final_baseline_vs_full_kddtest_5f655d7ccb1f_transformer_baseline_s0.json,de98f5f5fa9a3652e71e10ab6a1060214cf43d3459ca80e7c1ec23ca9cf4b3c9,/home/gvadzabd/cnn/results/final_baseline_vs_full_kddtest_5f655d7ccb1f_feature_cache.json,9645883bf0740ab3181d334afae15fe8f7998eb1329a2dafe32ec45c0a568b68,recorded reference; prediction/run/cache bytes not supplied
kddtest,transformer,baseline,1,baseline,/home/gvadzabd/cnn/results/final_baseline_vs_full_kddtest_5f655d7ccb1f_predictions/final_baseline_vs_full_kddtest_5f655d7ccb1f_transformer_baseline_s1.npz,121ad230d46f53d54e0ec89467b0095e30ce7ef118f891ee3912358bcacc5348,/home/gvadzabd/cnn/results/final_baseline_vs_full_kddtest_5f655d7ccb1f_protocol.json,/home/gvadzabd/cnn/results/final_baseline_vs_full_kddtest_5f655d7ccb1f_runs/final_baseline_vs_full_kddtest_5f655d7ccb1f_transformer_baseline_s1.json,94379a9871b6215c51efc40363dbad3927e12345f4e2f112aef15eaf66ac194a,/home/gvadzabd/cnn/results/final_baseline_vs_full_kddtest_5f655d7ccb1f_feature_cache.json,9645883bf0740ab3181d334afae15fe8f7998eb1329a2dafe32ec45c0a568b68,recorded reference; prediction/run/cache bytes not supplied
kddtest,transformer,baseline,2,baseline,/home/gvadzabd/cnn/results/final_baseline_vs_full_kddtest_5f655d7ccb1f_predictions/final_baseline_vs_full_kddtest_5f655d7ccb1f_transformer_baseline_s2.npz,8caf5407afab8b88d0a96cd4aa5bb607c4deca74315192ffd3a0ba81032b81e8,/home/gvadzabd/cnn/results/final_baseline_vs_full_kddtest_5f655d7ccb1f_protocol.json,/home/gvadzabd/cnn/results/final_baseline_vs_full_kddtest_5f655d7ccb1f_runs/final_baseline_vs_full_kddtest_5f655d7ccb1f_transformer_baseline_s2.json,cf68aa89626b7549338307fa43b1f7bc2e143c2aa3732317d1b09fb107a14fcc,/home/gvadzabd/cnn/results/final_baseline_vs_full_kddtest_5f655d7ccb1f_feature_cache.json,9645883bf0740ab3181d334afae15fe8f7998eb1329a2dafe32ec45c0a568b68,recorded reference; prediction/run/cache bytes not supplied
oof,transformer,focal_only,0,,/home/gvadzabd/cnn/results/transformer_focal_stage1_f39c10180e9b_oof/b0p99_g0p75_27ab3e3a7b_s0_oof_predictions.npz,6dbcd47cbf46fda28b5b9333a5e1a2eb3d9a6eadeed3dd70254e1b1f18945d98,/home/gvadzabd/cnn/results/transformer_focal_stage1_f39c10180e9b_protocol.json,,,,,recorded reference; prediction bytes not supplied
oof,transformer,focal_only,1,,/home/gvadzabd/cnn/results/transformer_focal_stage1_f39c10180e9b_oof/b0p99_g0p75_27ab3e3a7b_s1_oof_predictions.npz,b947ef3eca7e92659d3afef0dc517c70cdd41afbdf5526717ae7295daeed03ea,/home/gvadzabd/cnn/results/transformer_focal_stage1_f39c10180e9b_protocol.json,,,,,recorded reference; prediction bytes not supplied
oof,transformer,focal_only,2,,/home/gvadzabd/cnn/results/transformer_focal_stage1_f39c10180e9b_oof/b0p99_g0p75_27ab3e3a7b_s2_oof_predictions.npz,4df55dbf215b6ab6ca41108b61600adb723f5f5326628e04c3f4bb280c4849a5,/home/gvadzabd/cnn/results/transformer_focal_stage1_f39c10180e9b_protocol.json,,,,,recorded reference; prediction bytes not supplied
kddtest,transformer,focal_only,0,focal_only,/home/gvadzabd/cnn/results/final_single_enhancement_kddtest_3ec1e4e235cb_predictions/final_single_enhancement_kddtest_3ec1e4e235cb_transformer_focal_only_s0.npz,7c83db03cb2e104d699e8acd68be6c38898c97d9b94c0dd2014ed1b42c26e900,/home/gvadzabd/cnn/results/final_single_enhancement_kddtest_3ec1e4e235cb_protocol.json,/home/gvadzabd/cnn/results/final_single_enhancement_kddtest_3ec1e4e235cb_runs/final_single_enhancement_kddtest_3ec1e4e235cb_transformer_focal_only_s0.json,9cf352611194193887e66940d14285cdbb879221f2cd89c53c93567e1c5e09d9,/home/gvadzabd/cnn/results/final_single_enhancement_kddtest_3ec1e4e235cb_feature_cache.json,36b247e3b51d345498563051c449dafd4b41af6a621ccd9aec224d2a3846a8b0,recorded reference; prediction/run/cache bytes not supplied
kddtest,transformer,focal_only,1,focal_only,/home/gvadzabd/cnn/results/final_single_enhancement_kddtest_3ec1e4e235cb_predictions/final_single_enhancement_kddtest_3ec1e4e235cb_transformer_focal_only_s1.npz,25d94ca3749d7da2fa37ca8e26951f71fe5375ac6af1ed20b5605837d946c9d0,/home/gvadzabd/cnn/results/final_single_enhancement_kddtest_3ec1e4e235cb_protocol.json,/home/gvadzabd/cnn/results/final_single_enhancement_kddtest_3ec1e4e235cb_runs/final_single_enhancement_kddtest_3ec1e4e235cb_transformer_focal_only_s1.json,8a548f6e855ac3e2536247483860db464a849401980b81c3194cc40ef91828c8,/home/gvadzabd/cnn/results/final_single_enhancement_kddtest_3ec1e4e235cb_feature_cache.json,36b247e3b51d345498563051c449dafd4b41af6a621ccd9aec224d2a3846a8b0,recorded reference; prediction/run/cache bytes not supplied
kddtest,transformer,focal_only,2,focal_only,/home/gvadzabd/cnn/results/final_single_enhancement_kddtest_3ec1e4e235cb_predictions/final_single_enhancement_kddtest_3ec1e4e235cb_transformer_focal_only_s2.npz,130817afc27f78ef5bd2e157a45abec27fae7f84af2da01e5f47bea75db0b2c2,/home/gvadzabd/cnn/results/final_single_enhancement_kddtest_3ec1e4e235cb_protocol.json,/home/gvadzabd/cnn/results/final_single_enhancement_kddtest_3ec1e4e235cb_runs/final_single_enhancement_kddtest_3ec1e4e235cb_transformer_focal_only_s2.json,3b9c51647c4f0cc09573ac4f4d0fa77cffa0586cb8f49e81de649a6088178dc1,/home/gvadzabd/cnn/results/final_single_enhancement_kddtest_3ec1e4e235cb_feature_cache.json,36b247e3b51d345498563051c449dafd4b41af6a621ccd9aec224d2a3846a8b0,recorded reference; prediction/run/cache bytes not supplied
oof,transformer,batch_only,0,,/home/gvadzabd/cnn/results/transformer_batch_baseline_cv_training_af6b6d968387_oof/seed_0_oof_probabilities.npz,3f360f1550dacbd067dddb9ca7778ab41a8f093a62a290ef85c18de611ee6d99,/home/gvadzabd/cnn/results/transformer_batch_baseline_cv_af6b6d968387_aabfe477294e_protocol.json,,,,,recorded reference; prediction bytes not supplied
oof,transformer,batch_only,1,,/home/gvadzabd/cnn/results/transformer_batch_baseline_cv_training_af6b6d968387_oof/seed_1_oof_probabilities.npz,bfd0c795a5539b1993c27ab5c4ae87abaa3317df1934605ee766d4655fd25330,/home/gvadzabd/cnn/results/transformer_batch_baseline_cv_af6b6d968387_aabfe477294e_protocol.json,,,,,recorded reference; prediction bytes not supplied
oof,transformer,batch_only,2,,/home/gvadzabd/cnn/results/transformer_batch_baseline_cv_training_af6b6d968387_oof/seed_2_oof_probabilities.npz,7ee5bbab230ab442178abe22b4fddb3f477335ca563c4046960d6f50b8831c8a,/home/gvadzabd/cnn/results/transformer_batch_baseline_cv_af6b6d968387_aabfe477294e_protocol.json,,,,,recorded reference; prediction bytes not supplied
kddtest,transformer,batch_only,0,batch_only,/home/gvadzabd/cnn/results/final_single_enhancement_kddtest_3ec1e4e235cb_predictions/final_single_enhancement_kddtest_3ec1e4e235cb_transformer_batch_only_s0.npz,2c8f9b64a94989167ec3ad336bc7dde90c197e60e60e0a48de9e21ecdad4a5b7,/home/gvadzabd/cnn/results/final_single_enhancement_kddtest_3ec1e4e235cb_protocol.json,/home/gvadzabd/cnn/results/final_single_enhancement_kddtest_3ec1e4e235cb_runs/final_single_enhancement_kddtest_3ec1e4e235cb_transformer_batch_only_s0.json,78c7c1c1c94b777f4e79b4d9f9777297a2d0c8fd9bcfd73d8134a6a5bcc62810,/home/gvadzabd/cnn/results/final_single_enhancement_kddtest_3ec1e4e235cb_feature_cache.json,36b247e3b51d345498563051c449dafd4b41af6a621ccd9aec224d2a3846a8b0,recorded reference; prediction/run/cache bytes not supplied
kddtest,transformer,batch_only,1,batch_only,/home/gvadzabd/cnn/results/final_single_enhancement_kddtest_3ec1e4e235cb_predictions/final_single_enhancement_kddtest_3ec1e4e235cb_transformer_batch_only_s1.npz,86f5f3a9768379e22de0cf252b644edf76a676532474cc867dfd9ac5813e549f,/home/gvadzabd/cnn/results/final_single_enhancement_kddtest_3ec1e4e235cb_protocol.json,/home/gvadzabd/cnn/results/final_single_enhancement_kddtest_3ec1e4e235cb_runs/final_single_enhancement_kddtest_3ec1e4e235cb_transformer_batch_only_s1.json,41724d7740f69a6b8ff8a01f82ed82bc10542fbd457de85abb8be611985c72a6,/home/gvadzabd/cnn/results/final_single_enhancement_kddtest_3ec1e4e235cb_feature_cache.json,36b247e3b51d345498563051c449dafd4b41af6a621ccd9aec224d2a3846a8b0,recorded reference; prediction/run/cache bytes not supplied
kddtest,transformer,batch_only,2,batch_only,/home/gvadzabd/cnn/results/final_single_enhancement_kddtest_3ec1e4e235cb_predictions/final_single_enhancement_kddtest_3ec1e4e235cb_transformer_batch_only_s2.npz,44a165f29210f454ccba0264d8f126c8dccf1794881d30a2b1dc2e72b601d193,/home/gvadzabd/cnn/results/final_single_enhancement_kddtest_3ec1e4e235cb_protocol.json,/home/gvadzabd/cnn/results/final_single_enhancement_kddtest_3ec1e4e235cb_runs/final_single_enhancement_kddtest_3ec1e4e235cb_transformer_batch_only_s2.json,145ce2a8d7bedfdbf539834ee12b533d3e1455d0d82b8db8021005168a39639c,/home/gvadzabd/cnn/results/final_single_enhancement_kddtest_3ec1e4e235cb_feature_cache.json,36b247e3b51d345498563051c449dafd4b41af6a621ccd9aec224d2a3846a8b0,recorded reference; prediction/run/cache bytes not supplied
oof,transformer,focal_batch,0,,/home/gvadzabd/cnn/results/transformer_balanced_score_scaling_training_ec9f0f1b0ed6_oof/seed_0_oof_probabilities.npz,242a5170f5907df45624b743f47b3dbe84e8c7c1480d863d71bee07f7702bddc,/home/gvadzabd/cnn/results/transformer_balanced_score_scaling_ec9f0f1b0ed6_0e2280cdf2fc_protocol.json,,,,,recorded reference; prediction bytes not supplied
oof,transformer,focal_batch,1,,/home/gvadzabd/cnn/results/transformer_balanced_score_scaling_training_ec9f0f1b0ed6_oof/seed_1_oof_probabilities.npz,20f9d0258755c500e1fe61f1d425cb264dede530299c2343cbe6b17d6c94dd49,/home/gvadzabd/cnn/results/transformer_balanced_score_scaling_ec9f0f1b0ed6_0e2280cdf2fc_protocol.json,,,,,recorded reference; prediction bytes not supplied
oof,transformer,focal_batch,2,,/home/gvadzabd/cnn/results/transformer_balanced_score_scaling_training_ec9f0f1b0ed6_oof/seed_2_oof_probabilities.npz,e88c31a38f847b1375eb50ff605b81fc7f23eb27d3e495fa5c0927b410cd712a,/home/gvadzabd/cnn/results/transformer_balanced_score_scaling_ec9f0f1b0ed6_0e2280cdf2fc_protocol.json,,,,,recorded reference; prediction bytes not supplied
kddtest,transformer,focal_batch,0,full,/home/gvadzabd/cnn/results/final_baseline_vs_full_kddtest_5f655d7ccb1f_predictions/final_baseline_vs_full_kddtest_5f655d7ccb1f_transformer_full_s0.npz,1381c8e40a99b70acdf06f1e571716662293d93fedddcadb8050c1ded49c326b,/home/gvadzabd/cnn/results/final_baseline_vs_full_kddtest_5f655d7ccb1f_protocol.json,/home/gvadzabd/cnn/results/final_baseline_vs_full_kddtest_5f655d7ccb1f_runs/final_baseline_vs_full_kddtest_5f655d7ccb1f_transformer_full_s0.json,24db2b2f54c0977cacabf64b3d9b73e49d75eb4f1112c81758e1349f7e07acf2,/home/gvadzabd/cnn/results/final_baseline_vs_full_kddtest_5f655d7ccb1f_feature_cache.json,9645883bf0740ab3181d334afae15fe8f7998eb1329a2dafe32ec45c0a568b68,recorded reference; prediction/run/cache bytes not supplied
kddtest,transformer,focal_batch,1,full,/home/gvadzabd/cnn/results/final_baseline_vs_full_kddtest_5f655d7ccb1f_predictions/final_baseline_vs_full_kddtest_5f655d7ccb1f_transformer_full_s1.npz,50e455fba04bb153e937b8853943bad503c09004321a2dc3078b76cf50280e0b,/home/gvadzabd/cnn/results/final_baseline_vs_full_kddtest_5f655d7ccb1f_protocol.json,/home/gvadzabd/cnn/results/final_baseline_vs_full_kddtest_5f655d7ccb1f_runs/final_baseline_vs_full_kddtest_5f655d7ccb1f_transformer_full_s1.json,85232ddfaddc048e0a23d58827eda869a27e1891bcf127ebcc1c9a66916f6531,/home/gvadzabd/cnn/results/final_baseline_vs_full_kddtest_5f655d7ccb1f_feature_cache.json,9645883bf0740ab3181d334afae15fe8f7998eb1329a2dafe32ec45c0a568b68,recorded reference; prediction/run/cache bytes not supplied
kddtest,transformer,focal_batch,2,full,/home/gvadzabd/cnn/results/final_baseline_vs_full_kddtest_5f655d7ccb1f_predictions/final_baseline_vs_full_kddtest_5f655d7ccb1f_transformer_full_s2.npz,1d8b2ca18e7c013da3ce7f65eccb0e665db3d778f4b4402dbabe59fd9fea9759,/home/gvadzabd/cnn/results/final_baseline_vs_full_kddtest_5f655d7ccb1f_protocol.json,/home/gvadzabd/cnn/results/final_baseline_vs_full_kddtest_5f655d7ccb1f_runs/final_baseline_vs_full_kddtest_5f655d7ccb1f_transformer_full_s2.json,8c636a1abc77f69c17c493a9e61b84a112dc72c487369da235dc17f0ee7bb588,/home/gvadzabd/cnn/results/final_baseline_vs_full_kddtest_5f655d7ccb1f_feature_cache.json,9645883bf0740ab3181d334afae15fe8f7998eb1329a2dafe32ec45c0a568b68,recorded reference; prediction/run/cache bytes not supplied
oof,mlp,baseline,0,,/home/gvadzabd/cnn/results/mlp_baseline_cv_training_756465e5abd4_oof/seed_0_oof_probabilities.npz,d9ba541bb129b9c2be05803355aed3e36664659eafc6f34fc7033dddd66f48d0,/home/gvadzabd/cnn/results/mlp_baseline_cv_756465e5abd4_cd5bf6556f93_protocol.json,,,,,recorded reference; prediction bytes not supplied
oof,mlp,baseline,1,,/home/gvadzabd/cnn/results/mlp_baseline_cv_training_756465e5abd4_oof/seed_1_oof_probabilities.npz,5dda86b65dd568ba227679caca3cc049b653b22dbc9ad2f8718e53a2bb5fd408,/home/gvadzabd/cnn/results/mlp_baseline_cv_756465e5abd4_cd5bf6556f93_protocol.json,,,,,recorded reference; prediction bytes not supplied
oof,mlp,baseline,2,,/home/gvadzabd/cnn/results/mlp_baseline_cv_training_756465e5abd4_oof/seed_2_oof_probabilities.npz,218c9b6457a06f8d779fb30a5eb2ba9a8ef74edf413e1763c7192f4c7d905699,/home/gvadzabd/cnn/results/mlp_baseline_cv_756465e5abd4_cd5bf6556f93_protocol.json,,,,,recorded reference; prediction bytes not supplied
kddtest,mlp,baseline,0,baseline,/home/gvadzabd/cnn/results/final_baseline_vs_full_kddtest_1e17a659cef6_predictions/final_baseline_vs_full_kddtest_1e17a659cef6_mlp_baseline_s0.npz,025559b25513fa8f1b9bd94c80c9b100e10f49103b14bec50db6ae8a27d58b7e,/home/gvadzabd/cnn/results/final_baseline_vs_full_kddtest_1e17a659cef6_protocol.json,/home/gvadzabd/cnn/results/final_baseline_vs_full_kddtest_1e17a659cef6_runs/final_baseline_vs_full_kddtest_1e17a659cef6_mlp_baseline_s0.json,7344009e45090352112fb0c07283d748ff01e8841fbeda551aeff7ccc355d45f,/home/gvadzabd/cnn/results/final_baseline_vs_full_kddtest_1e17a659cef6_feature_cache.json,f1b8ba31802b6f12f485f0e002f643dd9332e83d0c09fc192c2b92eb0838d31b,recorded reference; prediction/run/cache bytes not supplied
kddtest,mlp,baseline,1,baseline,/home/gvadzabd/cnn/results/final_baseline_vs_full_kddtest_1e17a659cef6_predictions/final_baseline_vs_full_kddtest_1e17a659cef6_mlp_baseline_s1.npz,89532cf4c5118735d147dced80f872d66f49e690982e7dfc0f28fab61aef2735,/home/gvadzabd/cnn/results/final_baseline_vs_full_kddtest_1e17a659cef6_protocol.json,/home/gvadzabd/cnn/results/final_baseline_vs_full_kddtest_1e17a659cef6_runs/final_baseline_vs_full_kddtest_1e17a659cef6_mlp_baseline_s1.json,c83de3f7ef80c3e5f4b5ff30481689283fc6db6cfc01f5f8c76bfabcac71a342,/home/gvadzabd/cnn/results/final_baseline_vs_full_kddtest_1e17a659cef6_feature_cache.json,f1b8ba31802b6f12f485f0e002f643dd9332e83d0c09fc192c2b92eb0838d31b,recorded reference; prediction/run/cache bytes not supplied
kddtest,mlp,baseline,2,baseline,/home/gvadzabd/cnn/results/final_baseline_vs_full_kddtest_1e17a659cef6_predictions/final_baseline_vs_full_kddtest_1e17a659cef6_mlp_baseline_s2.npz,c859ff9593179a81d8d961ba8d075da945da5f72816128b392877acce66da91d,/home/gvadzabd/cnn/results/final_baseline_vs_full_kddtest_1e17a659cef6_protocol.json,/home/gvadzabd/cnn/results/final_baseline_vs_full_kddtest_1e17a659cef6_runs/final_baseline_vs_full_kddtest_1e17a659cef6_mlp_baseline_s2.json,ad50fb20d6b997f9ecb88ad22e7e1b4bfdf449b12d66ea769bd5fbd9b176c330,/home/gvadzabd/cnn/results/final_baseline_vs_full_kddtest_1e17a659cef6_feature_cache.json,f1b8ba31802b6f12f485f0e002f643dd9332e83d0c09fc192c2b92eb0838d31b,recorded reference; prediction/run/cache bytes not supplied
oof,mlp,focal_only,0,,/home/gvadzabd/cnn/results/mlp_focal_stage1_0d0a1b34a405_oof/b0p99_g0p25_530d932281_s0_oof_predictions.npz,6ff9d6430205282935745a98a6112b25a5593e56bfeb81740a9f3aa6ee3e4dbd,/home/gvadzabd/cnn/results/mlp_focal_stage1_0d0a1b34a405_protocol.json,,,,,recorded reference; prediction bytes not supplied
oof,mlp,focal_only,1,,/home/gvadzabd/cnn/results/mlp_focal_stage1_0d0a1b34a405_oof/b0p99_g0p25_530d932281_s1_oof_predictions.npz,e12139a934b773f59b4bd69ee1ee68643c3e83e02c48b36fcf675e5eb59c4f45,/home/gvadzabd/cnn/results/mlp_focal_stage1_0d0a1b34a405_protocol.json,,,,,recorded reference; prediction bytes not supplied
oof,mlp,focal_only,2,,/home/gvadzabd/cnn/results/mlp_focal_stage1_0d0a1b34a405_oof/b0p99_g0p25_530d932281_s2_oof_predictions.npz,6cc8e24d1b0d7d3d9a9d1bbd0e7069bb681da682c075e67baeaab53addb07356,/home/gvadzabd/cnn/results/mlp_focal_stage1_0d0a1b34a405_protocol.json,,,,,recorded reference; prediction bytes not supplied
kddtest,mlp,focal_only,0,focal_only,/home/gvadzabd/cnn/results/final_single_enhancement_kddtest_3ec1e4e235cb_predictions/final_single_enhancement_kddtest_3ec1e4e235cb_mlp_focal_only_s0.npz,0c935f1e3cf1cdf679e3c16959635356b628c3241fd30a9dd357c7c977224db9,/home/gvadzabd/cnn/results/final_single_enhancement_kddtest_3ec1e4e235cb_protocol.json,/home/gvadzabd/cnn/results/final_single_enhancement_kddtest_3ec1e4e235cb_runs/final_single_enhancement_kddtest_3ec1e4e235cb_mlp_focal_only_s0.json,a583f6f788aca5c16cf93a39e55e07632fbc47e8ab0915a96af3e5fb8792d9ee,/home/gvadzabd/cnn/results/final_single_enhancement_kddtest_3ec1e4e235cb_feature_cache.json,36b247e3b51d345498563051c449dafd4b41af6a621ccd9aec224d2a3846a8b0,recorded reference; prediction/run/cache bytes not supplied
kddtest,mlp,focal_only,1,focal_only,/home/gvadzabd/cnn/results/final_single_enhancement_kddtest_3ec1e4e235cb_predictions/final_single_enhancement_kddtest_3ec1e4e235cb_mlp_focal_only_s1.npz,23f12622e61d63b64ac6afdfb62125f2005f9a1cb652f415fc0e360a1080bb74,/home/gvadzabd/cnn/results/final_single_enhancement_kddtest_3ec1e4e235cb_protocol.json,/home/gvadzabd/cnn/results/final_single_enhancement_kddtest_3ec1e4e235cb_runs/final_single_enhancement_kddtest_3ec1e4e235cb_mlp_focal_only_s1.json,bf2ed370cd09c2cd4c32aef31f2faf010d48f8d66b2318c236b5ab499569d63f,/home/gvadzabd/cnn/results/final_single_enhancement_kddtest_3ec1e4e235cb_feature_cache.json,36b247e3b51d345498563051c449dafd4b41af6a621ccd9aec224d2a3846a8b0,recorded reference; prediction/run/cache bytes not supplied
kddtest,mlp,focal_only,2,focal_only,/home/gvadzabd/cnn/results/final_single_enhancement_kddtest_3ec1e4e235cb_predictions/final_single_enhancement_kddtest_3ec1e4e235cb_mlp_focal_only_s2.npz,a1b029aaa5e545aca1287e1aae485cb71d3aa52c6a78a27482e158347942e875,/home/gvadzabd/cnn/results/final_single_enhancement_kddtest_3ec1e4e235cb_protocol.json,/home/gvadzabd/cnn/results/final_single_enhancement_kddtest_3ec1e4e235cb_runs/final_single_enhancement_kddtest_3ec1e4e235cb_mlp_focal_only_s2.json,d06aeee3c622e11de410defacf52413fb292afc51e069f468499a0a0d42f23f4,/home/gvadzabd/cnn/results/final_single_enhancement_kddtest_3ec1e4e235cb_feature_cache.json,36b247e3b51d345498563051c449dafd4b41af6a621ccd9aec224d2a3846a8b0,recorded reference; prediction/run/cache bytes not supplied
oof,mlp,batch_only,0,,/home/gvadzabd/cnn/results/mlp_batch_baseline_cv_training_69b405b1ec20_oof/seed_0_oof_probabilities.npz,bcd663e0993120513b0cfbdf68c829d5f376f26cd7801c54bc7581392edfb1a9,/home/gvadzabd/cnn/results/mlp_batch_baseline_cv_69b405b1ec20_413fba70b7ee_protocol.json,,,,,recorded reference; prediction bytes not supplied
oof,mlp,batch_only,1,,/home/gvadzabd/cnn/results/mlp_batch_baseline_cv_training_69b405b1ec20_oof/seed_1_oof_probabilities.npz,d305364daf53da49f8417baa50fe3f308b08de73af554300075742ebe18d100d,/home/gvadzabd/cnn/results/mlp_batch_baseline_cv_69b405b1ec20_413fba70b7ee_protocol.json,,,,,recorded reference; prediction bytes not supplied
oof,mlp,batch_only,2,,/home/gvadzabd/cnn/results/mlp_batch_baseline_cv_training_69b405b1ec20_oof/seed_2_oof_probabilities.npz,eb4e23d6c81e6bac382868241b06d275d285ba3c473e601a7ea6934d230fd042,/home/gvadzabd/cnn/results/mlp_batch_baseline_cv_69b405b1ec20_413fba70b7ee_protocol.json,,,,,recorded reference; prediction bytes not supplied
kddtest,mlp,batch_only,0,batch_only,/home/gvadzabd/cnn/results/final_single_enhancement_kddtest_3ec1e4e235cb_predictions/final_single_enhancement_kddtest_3ec1e4e235cb_mlp_batch_only_s0.npz,1787ae4caca14d044e9137751dc10734523613ad87986cb3b3f06116b6c086a5,/home/gvadzabd/cnn/results/final_single_enhancement_kddtest_3ec1e4e235cb_protocol.json,/home/gvadzabd/cnn/results/final_single_enhancement_kddtest_3ec1e4e235cb_runs/final_single_enhancement_kddtest_3ec1e4e235cb_mlp_batch_only_s0.json,b183b14a9e7dd89c6597d4e03ee998ec58ebeea5ed815fbff4aefbca0a5ae2e8,/home/gvadzabd/cnn/results/final_single_enhancement_kddtest_3ec1e4e235cb_feature_cache.json,36b247e3b51d345498563051c449dafd4b41af6a621ccd9aec224d2a3846a8b0,recorded reference; prediction/run/cache bytes not supplied
kddtest,mlp,batch_only,1,batch_only,/home/gvadzabd/cnn/results/final_single_enhancement_kddtest_3ec1e4e235cb_predictions/final_single_enhancement_kddtest_3ec1e4e235cb_mlp_batch_only_s1.npz,82ca9d064eaeb2b9e789c0b050b2786fb6a04b0a9ead5683a7e82af6c9643cb1,/home/gvadzabd/cnn/results/final_single_enhancement_kddtest_3ec1e4e235cb_protocol.json,/home/gvadzabd/cnn/results/final_single_enhancement_kddtest_3ec1e4e235cb_runs/final_single_enhancement_kddtest_3ec1e4e235cb_mlp_batch_only_s1.json,ac5c3ca810d2cc1b0e43efc96cd8caba95c343e22f6e43dc70523a59064e70e7,/home/gvadzabd/cnn/results/final_single_enhancement_kddtest_3ec1e4e235cb_feature_cache.json,36b247e3b51d345498563051c449dafd4b41af6a621ccd9aec224d2a3846a8b0,recorded reference; prediction/run/cache bytes not supplied
kddtest,mlp,batch_only,2,batch_only,/home/gvadzabd/cnn/results/final_single_enhancement_kddtest_3ec1e4e235cb_predictions/final_single_enhancement_kddtest_3ec1e4e235cb_mlp_batch_only_s2.npz,07befe85f0f0ced2250a75670627830e843f935083a935c43b1c596c661232b1,/home/gvadzabd/cnn/results/final_single_enhancement_kddtest_3ec1e4e235cb_protocol.json,/home/gvadzabd/cnn/results/final_single_enhancement_kddtest_3ec1e4e235cb_runs/final_single_enhancement_kddtest_3ec1e4e235cb_mlp_batch_only_s2.json,ce68dab0f6bfd5a02d1c379fd770dff0a3bfe756f8655a8d16d6854608986a11,/home/gvadzabd/cnn/results/final_single_enhancement_kddtest_3ec1e4e235cb_feature_cache.json,36b247e3b51d345498563051c449dafd4b41af6a621ccd9aec224d2a3846a8b0,recorded reference; prediction/run/cache bytes not supplied
oof,mlp,focal_batch,0,,/home/gvadzabd/cnn/results/mlp_balanced_score_scaling_training_0dce0ce7d82b_oof/seed_0_oof_probabilities.npz,b704c91fa8ff19d981cd664c1142c10c599457d1210a0dd21fc4a4a26a542b55,/home/gvadzabd/cnn/results/mlp_balanced_score_scaling_0dce0ce7d82b_b0b94a387fca_protocol.json,,,,,recorded reference; prediction bytes not supplied
oof,mlp,focal_batch,1,,/home/gvadzabd/cnn/results/mlp_balanced_score_scaling_training_0dce0ce7d82b_oof/seed_1_oof_probabilities.npz,b81461762e953e4186ec142cd89e267088355c1ecfc47d0a798b03fbf7d6cc24,/home/gvadzabd/cnn/results/mlp_balanced_score_scaling_0dce0ce7d82b_b0b94a387fca_protocol.json,,,,,recorded reference; prediction bytes not supplied
oof,mlp,focal_batch,2,,/home/gvadzabd/cnn/results/mlp_balanced_score_scaling_training_0dce0ce7d82b_oof/seed_2_oof_probabilities.npz,b2c46c291209c03242e8bec5614a2d8fe7e5391442719d0835cee91873f5f400,/home/gvadzabd/cnn/results/mlp_balanced_score_scaling_0dce0ce7d82b_b0b94a387fca_protocol.json,,,,,recorded reference; prediction bytes not supplied
kddtest,mlp,focal_batch,0,full,/home/gvadzabd/cnn/results/final_baseline_vs_full_kddtest_1e17a659cef6_predictions/final_baseline_vs_full_kddtest_1e17a659cef6_mlp_full_s0.npz,bae423d87d99d890e54d087573f0a5d1f0720ca5876b2132434a6312f1a6501b,/home/gvadzabd/cnn/results/final_baseline_vs_full_kddtest_1e17a659cef6_protocol.json,/home/gvadzabd/cnn/results/final_baseline_vs_full_kddtest_1e17a659cef6_runs/final_baseline_vs_full_kddtest_1e17a659cef6_mlp_full_s0.json,ce5f8a2ae6dd85ce41d0f4b3e858fccbdfd3a5e56265c9a99edc771b2cda04e8,/home/gvadzabd/cnn/results/final_baseline_vs_full_kddtest_1e17a659cef6_feature_cache.json,f1b8ba31802b6f12f485f0e002f643dd9332e83d0c09fc192c2b92eb0838d31b,recorded reference; prediction/run/cache bytes not supplied
kddtest,mlp,focal_batch,1,full,/home/gvadzabd/cnn/results/final_baseline_vs_full_kddtest_1e17a659cef6_predictions/final_baseline_vs_full_kddtest_1e17a659cef6_mlp_full_s1.npz,e30aaf88b8d29b77dd701e0783dc1b2907dd0a0c8ec79680caa56591b43da17e,/home/gvadzabd/cnn/results/final_baseline_vs_full_kddtest_1e17a659cef6_protocol.json,/home/gvadzabd/cnn/results/final_baseline_vs_full_kddtest_1e17a659cef6_runs/final_baseline_vs_full_kddtest_1e17a659cef6_mlp_full_s1.json,362f34c2426d52bc5241297bc356395183bba168f5dbe93dfacf5a99344ed6c7,/home/gvadzabd/cnn/results/final_baseline_vs_full_kddtest_1e17a659cef6_feature_cache.json,f1b8ba31802b6f12f485f0e002f643dd9332e83d0c09fc192c2b92eb0838d31b,recorded reference; prediction/run/cache bytes not supplied
kddtest,mlp,focal_batch,2,full,/home/gvadzabd/cnn/results/final_baseline_vs_full_kddtest_1e17a659cef6_predictions/final_baseline_vs_full_kddtest_1e17a659cef6_mlp_full_s2.npz,b04fb8bf22d576f58d122e5b66579ea15ca36635217c9110c7e474db5cb1a7ea,/home/gvadzabd/cnn/results/final_baseline_vs_full_kddtest_1e17a659cef6_protocol.json,/home/gvadzabd/cnn/results/final_baseline_vs_full_kddtest_1e17a659cef6_runs/final_baseline_vs_full_kddtest_1e17a659cef6_mlp_full_s2.json,9a25e7fffc1eb023c47a44d391aebfe06bae5220f0e40ee51a08c24dd4e83b4a,/home/gvadzabd/cnn/results/final_baseline_vs_full_kddtest_1e17a659cef6_feature_cache.json,f1b8ba31802b6f12f485f0e002f643dd9332e83d0c09fc192c2b92eb0838d31b,recorded reference; prediction/run/cache bytes not supplied
